DATE,DEXHKUS
2000-01-03,7.7765
2000-01-04,7.7775
2000-01-05,7.7780
2000-01-06,7.7785
2000-01-07,7.7783
2000-01-10,7.7785
2000-01-11,7.7785
2000-01-12,7.7787
2000-01-13,7.7788
2000-01-14,7.7789
2000-01-17,.
2000-01-18,7.7790
2000-01-19,7.7798
2000-01-20,7.7795
2000-01-21,7.7792
2000-01-24,7.7795
2000-01-25,7.7800
2000-01-26,7.7805
2000-01-27,7.7805
2000-01-28,7.7800
2000-01-31,7.7810
2000-02-01,7.7807
2000-02-02,7.7805
2000-02-03,7.7812
2000-02-04,7.7810
2000-02-07,7.7820
2000-02-08,7.7809
2000-02-09,7.7810
2000-02-10,7.7820
2000-02-11,7.7814
2000-02-14,7.7800
2000-02-15,7.7810
2000-02-16,7.7814
2000-02-17,7.7815
2000-02-18,7.7808
2000-02-21,.
2000-02-22,7.7825
2000-02-23,7.7826
2000-02-24,7.7830
2000-02-25,7.7830
2000-02-28,7.7830
2000-02-29,7.7833
2000-03-01,7.7824
2000-03-02,7.7825
2000-03-03,7.7833
2000-03-06,7.7835
2000-03-07,7.7840
2000-03-08,7.7845
2000-03-09,7.7842
2000-03-10,7.7848
2000-03-13,7.7842
2000-03-14,7.7845
2000-03-15,7.7847
2000-03-16,7.7846
2000-03-17,7.7849
2000-03-20,7.7855
2000-03-21,7.7855
2000-03-22,7.7858
2000-03-23,7.7858
2000-03-24,7.7845
2000-03-27,7.7855
2000-03-28,7.7850
2000-03-29,7.7865
2000-03-30,7.7866
2000-03-31,7.7867
2000-04-03,7.7868
2000-04-04,7.7863
2000-04-05,7.7864
2000-04-06,7.7870
2000-04-07,7.7878
2000-04-10,7.7875
2000-04-11,7.7870
2000-04-12,7.7878
2000-04-13,7.7879
2000-04-14,7.7880
2000-04-17,7.7882
2000-04-18,7.7885
2000-04-19,7.7886
2000-04-20,7.7888
2000-04-21,7.7887
2000-04-24,7.7890
2000-04-25,7.7885
2000-04-26,7.7890
2000-04-27,7.7890
2000-04-28,7.7890
2000-05-01,7.7890
2000-05-02,7.7895
2000-05-03,7.7900
2000-05-04,7.7900
2000-05-05,7.7898
2000-05-08,7.7893
2000-05-09,7.7899
2000-05-10,7.7898
2000-05-11,7.7898
2000-05-12,7.7900
2000-05-15,7.7895
2000-05-16,7.7902
2000-05-17,7.7910
2000-05-18,7.7915
2000-05-19,7.7915
2000-05-22,7.7918
2000-05-23,7.7920
2000-05-24,7.7919
2000-05-25,7.7920
2000-05-26,7.7922
2000-05-29,.
2000-05-30,7.7925
2000-05-31,7.7927
2000-06-01,7.7920
2000-06-02,7.7921
2000-06-05,7.7940
2000-06-06,7.7930
2000-06-07,7.7930
2000-06-08,7.7932
2000-06-09,7.7936
2000-06-12,7.7940
2000-06-13,7.7936
2000-06-14,7.7925
2000-06-15,7.7940
2000-06-16,7.7942
2000-06-19,7.7936
2000-06-20,7.7925
2000-06-21,7.7930
2000-06-22,7.7920
2000-06-23,7.7910
2000-06-26,7.7920
2000-06-27,7.7950
2000-06-28,7.7955
2000-06-29,7.7953
2000-06-30,7.7960
2000-07-03,7.7960
2000-07-04,.
2000-07-05,7.7962
2000-07-06,7.7964
2000-07-07,7.7968
2000-07-10,7.7965
2000-07-11,7.7961
2000-07-12,7.7960
2000-07-13,7.7960
2000-07-14,7.7965
2000-07-17,7.7973
2000-07-18,7.7968
2000-07-19,7.7970
2000-07-20,7.7970
2000-07-21,7.7965
2000-07-24,7.7960
2000-07-25,7.7971
2000-07-26,7.7981
2000-07-27,7.7975
2000-07-28,7.7987
2000-07-31,7.7988
2000-08-01,7.7993
2000-08-02,7.7990
2000-08-03,7.7992
2000-08-04,7.7989
2000-08-07,7.7985
2000-08-08,7.7985
2000-08-09,7.7993
2000-08-10,7.7995
2000-08-11,7.7998
2000-08-14,7.8003
2000-08-15,7.7998
2000-08-16,7.7998
2000-08-17,7.7988
2000-08-18,7.7990
2000-08-21,7.7992
2000-08-22,7.7992
2000-08-23,7.8000
2000-08-24,7.8000
2000-08-25,7.8000
2000-08-28,7.8000
2000-08-29,7.8000
2000-08-30,7.8008
2000-08-31,7.7992
2000-09-01,7.7995
2000-09-04,.
2000-09-05,7.7989
2000-09-06,7.7985
2000-09-07,7.7995
2000-09-08,7.7985
2000-09-11,7.7987
2000-09-12,7.7987
2000-09-13,7.7985
2000-09-14,7.7988
2000-09-15,7.7973
2000-09-18,7.7972
2000-09-19,7.7986
2000-09-20,7.7990
2000-09-21,7.7993
2000-09-22,7.7983
2000-09-25,7.7986
2000-09-26,7.7990
2000-09-27,7.7983
2000-09-28,7.7978
2000-09-29,7.7971
2000-10-02,7.7970
2000-10-03,7.7942
2000-10-04,7.7940
2000-10-05,7.7963
2000-10-06,7.7960
2000-10-09,.
2000-10-10,7.7970
2000-10-11,7.7985
2000-10-12,7.7968
2000-10-13,7.7975
2000-10-16,7.7980
2000-10-17,7.7975
2000-10-18,7.7980
2000-10-19,7.7970
2000-10-20,7.7975
2000-10-23,7.7987
2000-10-24,7.7991
2000-10-25,7.7990
2000-10-26,7.8001
2000-10-27,7.7995
2000-10-30,7.7997
2000-10-31,7.7995
2000-11-01,7.7970
2000-11-02,7.7951
2000-11-03,7.7974
2000-11-06,7.7982
2000-11-07,7.7985
2000-11-08,7.7990
2000-11-09,7.7990
2000-11-10,7.7992
2000-11-13,7.7991
2000-11-14,7.7995
2000-11-15,7.7995
2000-11-16,7.7990
2000-11-17,7.7998
2000-11-20,7.7999
2000-11-21,7.7999
2000-11-22,7.8000
2000-11-23,.
2000-11-24,7.8000
2000-11-27,7.8000
2000-11-28,7.8005
2000-11-29,7.7999
2000-11-30,7.8000
2000-12-01,7.8001
2000-12-04,7.7995
2000-12-05,7.8000
2000-12-06,7.7974
2000-12-07,7.7975
2000-12-08,7.7963
2000-12-11,7.7969
2000-12-12,7.7974
2000-12-13,7.8003
2000-12-14,7.8003
2000-12-15,7.8000
2000-12-18,7.8000
2000-12-19,7.7997
2000-12-20,7.8002
2000-12-21,7.7993
2000-12-22,7.7999
2000-12-25,.
2000-12-26,7.7993
2000-12-27,7.7988
2000-12-28,7.7990
2000-12-29,7.7999
2001-01-01,.
2001-01-02,7.8000
2001-01-03,7.8000
2001-01-04,7.7998
2001-01-05,7.7993
2001-01-08,7.7998
2001-01-09,7.8000
2001-01-10,7.8000
2001-01-11,7.8000
2001-01-12,7.8001
2001-01-15,.
2001-01-16,7.7997
2001-01-17,7.8000
2001-01-18,7.7997
2001-01-19,7.7997
2001-01-22,7.7997
2001-01-23,7.7996
2001-01-24,7.8000
2001-01-25,7.7997
2001-01-26,7.7995
2001-01-29,7.7999
2001-01-30,7.7995
2001-01-31,7.7995
2001-02-01,7.7990
2001-02-02,7.7993
2001-02-05,7.7994
2001-02-06,7.8000
2001-02-07,7.8000
2001-02-08,7.8000
2001-02-09,7.7998
2001-02-12,7.8000
2001-02-13,7.8000
2001-02-14,7.7999
2001-02-15,7.8000
2001-02-16,7.8000
2001-02-19,.
2001-02-20,7.8000
2001-02-21,7.8000
2001-02-22,7.8000
2001-02-23,7.7999
2001-02-26,7.7999
2001-02-27,7.8000
2001-02-28,7.8000
2001-03-01,7.8000
2001-03-02,7.8000
2001-03-05,7.8002
2001-03-06,7.8002
2001-03-07,7.8001
2001-03-08,7.8000
2001-03-09,7.7997
2001-03-12,7.7999
2001-03-13,7.7998
2001-03-14,7.7999
2001-03-15,7.8001
2001-03-16,7.7997
2001-03-19,7.7995
2001-03-20,7.7996
2001-03-21,7.7995
2001-03-22,7.7994
2001-03-23,7.7998
2001-03-26,7.8000
2001-03-27,7.8000
2001-03-28,7.8003
2001-03-29,7.7998
2001-03-30,7.8003
2001-04-02,7.7983
2001-04-03,7.7990
2001-04-04,7.7986
2001-04-05,7.7990
2001-04-06,7.7987
2001-04-09,7.7990
2001-04-10,7.8000
2001-04-11,7.7990
2001-04-12,7.7994
2001-04-13,7.7994
2001-04-16,7.7995
2001-04-17,7.8000
2001-04-18,7.8000
2001-04-19,7.7995
2001-04-20,7.7998
2001-04-23,7.7991
2001-04-24,7.7991
2001-04-25,7.8000
2001-04-26,7.7999
2001-04-27,7.7993
2001-04-30,7.7990
2001-05-01,7.7993
2001-05-02,7.7998
2001-05-03,7.7991
2001-05-04,7.7995
2001-05-07,7.7995
2001-05-08,7.7997
2001-05-09,7.8000
2001-05-10,7.8000
2001-05-11,7.7999
2001-05-14,7.8000
2001-05-15,7.8000
2001-05-16,7.8000
2001-05-17,7.8000
2001-05-18,7.8000
2001-05-21,7.7998
2001-05-22,7.8003
2001-05-23,7.7999
2001-05-24,7.8000
2001-05-25,7.8002
2001-05-28,.
2001-05-29,7.7999
2001-05-30,7.8000
2001-05-31,7.7998
2001-06-01,7.8000
2001-06-04,7.8000
2001-06-05,7.7998
2001-06-06,7.7998
2001-06-07,7.8000
2001-06-08,7.7994
2001-06-11,7.7990
2001-06-12,7.7991
2001-06-13,7.7990
2001-06-14,7.7992
2001-06-15,7.7995
2001-06-18,7.7998
2001-06-19,7.7999
2001-06-20,7.7998
2001-06-21,7.7997
2001-06-22,7.7998
2001-06-25,7.7998
2001-06-26,7.8000
2001-06-27,7.7998
2001-06-28,7.7998
2001-06-29,7.8000
2001-07-02,7.8000
2001-07-03,7.8000
2001-07-04,.
2001-07-05,7.8003
2001-07-06,7.8000
2001-07-09,7.8000
2001-07-10,7.7999
2001-07-11,7.8000
2001-07-12,7.8000
2001-07-13,7.7999
2001-07-16,7.8000
2001-07-17,7.8000
2001-07-18,7.8000
2001-07-19,7.7999
2001-07-20,7.7998
2001-07-23,7.7998
2001-07-24,7.7998
2001-07-25,7.7999
2001-07-26,7.7998
2001-07-27,7.7996
2001-07-30,7.7998
2001-07-31,7.7997
2001-08-01,7.7998
2001-08-02,7.7995
2001-08-03,7.7992
2001-08-06,7.7992
2001-08-07,7.7995
2001-08-08,7.7995
2001-08-09,7.7997
2001-08-10,7.7992
2001-08-13,7.7996
2001-08-14,7.7995
2001-08-15,7.7997
2001-08-16,7.7998
2001-08-17,7.7997
2001-08-20,7.7997
2001-08-21,7.7999
2001-08-22,7.7997
2001-08-23,7.7998
2001-08-24,7.7999
2001-08-27,7.7999
2001-08-28,7.8000
2001-08-29,7.7999
2001-08-30,7.7999
2001-08-31,7.7998
2001-09-03,.
2001-09-04,7.7998
2001-09-05,7.7999
2001-09-06,7.8000
2001-09-07,7.8001
2001-09-10,7.7998
2001-09-11,.
2001-09-12,7.7984
2001-09-13,7.7993
2001-09-14,7.7996
2001-09-17,7.7993
2001-09-18,7.7994
2001-09-19,7.7987
2001-09-20,7.8000
2001-09-21,7.8003
2001-09-24,7.8001
2001-09-25,7.8001
2001-09-26,7.7999
2001-09-27,7.7998
2001-09-28,7.7996
2001-10-01,7.7992
2001-10-02,7.7993
2001-10-03,7.7995
2001-10-04,7.7998
2001-10-05,7.7999
2001-10-08,.
2001-10-09,7.7999
2001-10-10,7.8000
2001-10-11,7.7999
2001-10-12,7.8000
2001-10-15,7.8000
2001-10-16,7.8001
2001-10-17,7.8001
2001-10-18,7.8002
2001-10-19,7.7990
2001-10-22,7.7990
2001-10-23,7.8000
2001-10-24,7.8000
2001-10-25,7.8003
2001-10-26,7.8003
2001-10-29,7.8000
2001-10-30,7.8001
2001-10-31,7.8002
2001-11-01,7.8003
2001-11-02,7.8001
2001-11-05,7.8001
2001-11-06,7.8001
2001-11-07,7.8000
2001-11-08,7.8000
2001-11-09,7.8000
2001-11-12,.
2001-11-13,7.8001
2001-11-14,7.8004
2001-11-15,7.8000
2001-11-16,7.7997
2001-11-19,7.7993
2001-11-20,7.7991
2001-11-21,7.7990
2001-11-22,.
2001-11-23,7.8000
2001-11-26,7.7992
2001-11-27,7.7992
2001-11-28,7.7986
2001-11-29,7.7985
2001-11-30,7.7988
2001-12-03,7.7990
2001-12-04,7.7995
2001-12-05,7.7998
2001-12-06,7.7997
2001-12-07,7.7992
2001-12-10,7.7994
2001-12-11,7.7996
2001-12-12,7.7998
2001-12-13,7.7999
2001-12-14,7.7999
2001-12-17,7.7997
2001-12-18,7.7995
2001-12-19,7.7988
2001-12-20,7.7985
2001-12-21,7.7970
2001-12-24,7.7980
2001-12-25,.
2001-12-26,7.7970
2001-12-27,7.7975
2001-12-28,7.7973
2001-12-31,7.7980
2002-01-01,.
2002-01-02,7.7980
2002-01-03,7.7985
2002-01-04,7.7985
2002-01-07,7.7990
2002-01-08,7.7991
2002-01-09,7.7987
2002-01-10,7.7985
2002-01-11,7.7987
2002-01-14,7.7988
2002-01-15,7.7990
2002-01-16,7.7990
2002-01-17,7.7985
2002-01-18,7.7991
2002-01-21,.
2002-01-22,7.7995
2002-01-23,7.7995
2002-01-24,7.7995
2002-01-25,7.8000
2002-01-28,7.7970
2002-01-29,7.7995
2002-01-30,7.7998
2002-01-31,7.7995
2002-02-01,7.7998
2002-02-04,7.7999
2002-02-05,7.7998
2002-02-06,7.7998
2002-02-07,7.7996
2002-02-08,7.7993
2002-02-11,7.7997
2002-02-12,7.7998
2002-02-13,7.7997
2002-02-14,7.7998
2002-02-15,7.7995
2002-02-18,.
2002-02-19,7.7994
2002-02-20,7.7995
2002-02-21,7.7994
2002-02-22,7.7994
2002-02-25,7.7995
2002-02-26,7.7994
2002-02-27,7.7991
2002-02-28,7.7995
2002-03-01,7.7998
2002-03-04,7.7995
2002-03-05,7.7997
2002-03-06,7.7998
2002-03-07,7.7997
2002-03-08,7.8000
2002-03-11,7.7995
2002-03-12,7.7999
2002-03-13,7.7999
2002-03-14,7.7998
2002-03-15,7.7996
2002-03-18,7.7994
2002-03-19,7.7994
2002-03-20,7.7997
2002-03-21,7.7998
2002-03-22,7.7997
2002-03-25,7.7998
2002-03-26,7.7994
2002-03-27,7.7993
2002-03-28,7.7999
2002-03-29,7.8000
2002-04-01,7.7996
2002-04-02,7.7996
2002-04-03,7.7997
2002-04-04,7.7996
2002-04-05,7.7997
2002-04-08,7.7998
2002-04-09,7.7998
2002-04-10,7.7997
2002-04-11,7.7999
2002-04-12,7.7997
2002-04-15,7.8095
2002-04-16,7.7995
2002-04-17,7.8002
2002-04-18,7.7995
2002-04-19,7.7995
2002-04-22,7.7995
2002-04-23,7.7995
2002-04-24,7.7993
2002-04-25,7.7993
2002-04-26,7.7994
2002-04-29,7.7995
2002-04-30,7.7992
2002-05-01,7.7991
2002-05-02,7.7992
2002-05-03,7.7992
2002-05-06,7.7993
2002-05-07,7.7994
2002-05-08,7.7990
2002-05-09,7.7994
2002-05-10,7.7994
2002-05-13,7.7992
2002-05-14,7.7993
2002-05-15,7.7992
2002-05-16,7.7990
2002-05-17,7.7990
2002-05-20,7.7990
2002-05-21,7.7994
2002-05-22,7.7997
2002-05-23,7.8001
2002-05-24,7.7999
2002-05-27,.
2002-05-28,7.8000
2002-05-29,7.7999
2002-05-30,7.7999
2002-05-31,7.8000
2002-06-03,7.8000
2002-06-04,7.8000
2002-06-05,7.7998
2002-06-06,7.8001
2002-06-07,7.7998
2002-06-10,7.8000
2002-06-11,7.7999
2002-06-12,7.7993
2002-06-13,7.8000
2002-06-14,7.8000
2002-06-17,7.8000
2002-06-18,7.8005
2002-06-19,7.8000
2002-06-20,7.8000
2002-06-21,7.8000
2002-06-24,7.8000
2002-06-25,7.7999
2002-06-26,7.8000
2002-06-27,7.8000
2002-06-28,7.8000
2002-07-01,7.8005
2002-07-02,7.8000
2002-07-03,7.8000
2002-07-04,.
2002-07-05,7.8000
2002-07-08,7.8000
2002-07-09,7.8000
2002-07-10,7.8000
2002-07-11,7.8000
2002-07-12,7.8000
2002-07-15,7.8000
2002-07-16,7.8000
2002-07-17,7.8000
2002-07-18,7.8000
2002-07-19,7.8000
2002-07-22,7.8000
2002-07-23,7.8000
2002-07-24,7.8000
2002-07-25,7.8000
2002-07-26,7.8000
2002-07-29,7.7999
2002-07-30,7.8000
2002-07-31,7.8000
2002-08-01,7.8000
2002-08-02,7.8000
2002-08-05,7.8000
2002-08-06,7.8000
2002-08-07,7.8000
2002-08-08,7.8000
2002-08-09,7.8000
2002-08-12,7.8000
2002-08-13,7.8000
2002-08-14,7.8000
2002-08-15,7.8000
2002-08-16,7.8000
2002-08-19,7.8000
2002-08-20,7.8000
2002-08-21,7.8000
2002-08-22,7.8000
2002-08-23,7.8000
2002-08-26,7.8000
2002-08-27,7.8005
2002-08-28,7.8001
2002-08-29,7.8000
2002-08-30,7.8000
2002-09-02,.
2002-09-03,7.8000
2002-09-04,7.8000
2002-09-05,7.8000
2002-09-06,7.8000
2002-09-09,7.8000
2002-09-10,7.8000
2002-09-11,7.8000
2002-09-12,7.7997
2002-09-13,7.8000
2002-09-16,7.7996
2002-09-17,7.7996
2002-09-18,7.7999
2002-09-19,7.7998
2002-09-20,7.8000
2002-09-23,7.7999
2002-09-24,7.7997
2002-09-25,7.8000
2002-09-26,7.7998
2002-09-27,7.7997
2002-09-30,7.7998
2002-10-01,7.7995
2002-10-02,7.7997
2002-10-03,7.7999
2002-10-04,7.7998
2002-10-07,7.7998
2002-10-08,7.8000
2002-10-09,7.7998
2002-10-10,7.7998
2002-10-11,7.8000
2002-10-14,.
2002-10-15,7.8000
2002-10-16,7.7994
2002-10-17,7.7993
2002-10-18,7.7991
2002-10-21,7.7990
2002-10-22,7.7991
2002-10-23,7.7992
2002-10-24,7.7991
2002-10-25,7.7992
2002-10-28,7.7990
2002-10-29,7.7997
2002-10-30,7.7995
2002-10-31,7.7995
2002-11-01,7.7998
2002-11-04,7.7993
2002-11-05,7.7992
2002-11-06,7.7993
2002-11-07,7.7993
2002-11-08,7.7995
2002-11-11,.
2002-11-12,7.7997
2002-11-13,7.7994
2002-11-14,7.7997
2002-11-15,7.7997
2002-11-18,7.8000
2002-11-19,7.7995
2002-11-20,7.7996
2002-11-21,7.7995
2002-11-22,7.7990
2002-11-25,7.7990
2002-11-26,7.7987
2002-11-27,7.7990
2002-11-28,.
2002-11-29,7.7988
2002-12-02,7.7988
2002-12-03,7.7987
2002-12-04,7.7990
2002-12-05,7.7990
2002-12-06,7.7985
2002-12-09,7.7989
2002-12-10,7.7990
2002-12-11,7.7990
2002-12-12,7.7990
2002-12-13,7.7989
2002-12-16,7.7990
2002-12-17,7.7986
2002-12-18,7.7980
2002-12-19,7.7980
2002-12-20,7.7985
2002-12-23,7.7986
2002-12-24,7.7990
2002-12-25,.
2002-12-26,7.7989
2002-12-27,7.7990
2002-12-30,7.7992
2002-12-31,7.7988
2003-01-01,.
2003-01-02,7.7988
2003-01-03,7.7990
2003-01-06,7.7993
2003-01-07,7.7999
2003-01-08,7.7997
2003-01-09,7.7993
2003-01-10,7.7993
2003-01-13,7.7990
2003-01-14,7.7991
2003-01-15,7.7990
2003-01-16,7.7990
2003-01-17,7.7992
2003-01-20,.
2003-01-21,7.7995
2003-01-22,7.7994
2003-01-23,7.7994
2003-01-24,7.7996
2003-01-27,7.8000
2003-01-28,7.7996
2003-01-29,7.8000
2003-01-30,7.8000
2003-01-31,7.8001
2003-02-03,7.8000
2003-02-04,7.8000
2003-02-05,7.7997
2003-02-06,7.7998
2003-02-07,7.7996
2003-02-10,7.7998
2003-02-11,7.7995
2003-02-12,7.7997
2003-02-13,7.8000
2003-02-14,7.7995
2003-02-17,.
2003-02-18,7.7998
2003-02-19,7.7997
2003-02-20,7.7995
2003-02-21,7.7991
2003-02-24,7.7992
2003-02-25,7.7989
2003-02-26,7.7990
2003-02-27,7.7991
2003-02-28,7.7991
2003-03-03,7.7987
2003-03-04,7.7992
2003-03-05,7.7992
2003-03-06,7.7990
2003-03-07,7.7988
2003-03-10,7.7991
2003-03-11,7.7991
2003-03-12,7.7991
2003-03-13,7.7990
2003-03-14,7.7992
2003-03-17,7.7993
2003-03-18,7.7989
2003-03-19,7.7992
2003-03-20,7.7990
2003-03-21,7.7990
2003-03-24,7.7990
2003-03-25,7.7992
2003-03-26,7.7992
2003-03-27,7.7993
2003-03-28,7.7993
2003-03-31,7.7995
2003-04-01,7.7995
2003-04-02,7.7993
2003-04-03,7.7995
2003-04-04,7.7996
2003-04-07,7.7997
2003-04-08,7.7996
2003-04-09,7.7997
2003-04-10,7.7997
2003-04-11,7.7996
2003-04-14,7.7997
2003-04-15,7.7996
2003-04-16,7.7997
2003-04-17,7.7997
2003-04-18,7.7997
2003-04-21,7.7997
2003-04-22,7.7997
2003-04-23,7.7997
2003-04-24,7.7998
2003-04-25,7.7998
2003-04-28,7.7993
2003-04-29,7.7994
2003-04-30,7.7991
2003-05-01,7.7993
2003-05-02,7.7993
2003-05-05,7.7993
2003-05-06,7.7991
2003-05-07,7.7992
2003-05-08,7.7990
2003-05-09,7.7991
2003-05-12,7.7993
2003-05-13,7.7993
2003-05-14,7.7988
2003-05-15,7.7995
2003-05-16,7.7994
2003-05-19,7.7990
2003-05-20,7.7991
2003-05-21,7.7992
2003-05-22,7.7991
2003-05-23,7.7990
2003-05-26,.
2003-05-27,7.7988
2003-05-28,7.7987
2003-05-29,7.7985
2003-05-30,7.7987
2003-06-02,7.7990
2003-06-03,7.7987
2003-06-04,7.7988
2003-06-05,7.7990
2003-06-06,7.7987
2003-06-09,7.7983
2003-06-10,7.7988
2003-06-11,7.7988
2003-06-12,7.7993
2003-06-13,7.7990
2003-06-16,7.7991
2003-06-17,7.7990
2003-06-18,7.7989
2003-06-19,7.7993
2003-06-20,7.7992
2003-06-23,7.7988
2003-06-24,7.7988
2003-06-25,7.7984
2003-06-26,7.7986
2003-06-27,7.7980
2003-06-30,7.7984
2003-07-01,7.7984
2003-07-02,7.7984
2003-07-03,7.7983
2003-07-04,.
2003-07-07,7.7983
2003-07-08,7.7989
2003-07-09,7.7988
2003-07-10,7.7992
2003-07-11,7.7993
2003-07-14,7.7998
2003-07-15,7.7995
2003-07-16,7.7998
2003-07-17,7.7997
2003-07-18,7.7995
2003-07-21,7.7995
2003-07-22,7.7993
2003-07-23,7.7994
2003-07-24,7.7994
2003-07-25,7.7997
2003-07-28,7.7993
2003-07-29,7.7995
2003-07-30,7.7992
2003-07-31,7.7990
2003-08-01,7.7993
2003-08-04,7.7992
2003-08-05,7.7995
2003-08-06,7.7996
2003-08-07,7.7998
2003-08-08,7.7998
2003-08-11,7.7995
2003-08-12,7.7995
2003-08-13,7.7995
2003-08-14,7.7994
2003-08-15,7.7993
2003-08-18,7.7995
2003-08-19,7.7989
2003-08-20,7.7987
2003-08-21,7.7988
2003-08-22,7.7987
2003-08-25,7.7990
2003-08-26,7.7994
2003-08-27,7.7993
2003-08-28,7.7995
2003-08-29,7.7995
2003-09-01,.
2003-09-02,7.7995
2003-09-03,7.7995
2003-09-04,7.7994
2003-09-05,7.7995
2003-09-08,7.7999
2003-09-09,7.7995
2003-09-10,7.7994
2003-09-11,7.7995
2003-09-12,7.7993
2003-09-15,7.7993
2003-09-16,7.7996
2003-09-17,7.7994
2003-09-18,7.7994
2003-09-19,7.7988
2003-09-22,7.7795
2003-09-23,7.7444
2003-09-24,7.7600
2003-09-25,7.7600
2003-09-26,7.7510
2003-09-29,7.7530
2003-09-30,7.7445
2003-10-01,7.7395
2003-10-02,7.7310
2003-10-03,7.7110
2003-10-06,7.7085
2003-10-07,7.7125
2003-10-08,7.7345
2003-10-09,7.7285
2003-10-10,7.7325
2003-10-13,.
2003-10-14,7.7495
2003-10-15,7.7424
2003-10-16,7.7415
2003-10-17,7.7445
2003-10-20,7.7495
2003-10-21,7.7530
2003-10-22,7.7520
2003-10-23,7.7530
2003-10-24,7.7536
2003-10-27,7.7541
2003-10-28,7.7578
2003-10-29,7.7595
2003-10-30,7.7625
2003-10-31,7.7684
2003-11-03,7.7673
2003-11-04,7.7677
2003-11-05,7.7685
2003-11-06,7.7690
2003-11-07,7.7692
2003-11-10,7.7475
2003-11-11,.
2003-11-12,7.7623
2003-11-13,7.7618
2003-11-14,7.7550
2003-11-17,7.7640
2003-11-18,7.7580
2003-11-19,7.7600
2003-11-20,7.7615
2003-11-21,7.7640
2003-11-24,7.7675
2003-11-25,7.7690
2003-11-26,7.7675
2003-11-27,.
2003-11-28,7.7660
2003-12-01,7.7670
2003-12-02,7.7628
2003-12-03,7.7641
2003-12-04,7.7670
2003-12-05,7.7635
2003-12-08,7.7647
2003-12-09,7.7640
2003-12-10,7.7642
2003-12-11,7.7660
2003-12-12,7.7635
2003-12-15,7.7635
2003-12-16,7.7630
2003-12-17,7.7637
2003-12-18,7.7654
2003-12-19,7.7651
2003-12-22,7.7641
2003-12-23,7.7637
2003-12-24,7.7665
2003-12-25,.
2003-12-26,7.7655
2003-12-29,7.7635
2003-12-30,7.7645
2003-12-31,7.7640
2004-01-01,.
2004-01-02,7.7645
2004-01-05,7.7635
2004-01-06,7.7633
2004-01-07,7.7638
2004-01-08,7.7635
2004-01-09,7.7633
2004-01-12,7.7632
2004-01-13,7.7644
2004-01-14,7.7642
2004-01-15,7.7635
2004-01-16,7.7665
2004-01-19,.
2004-01-20,7.7700
2004-01-21,7.7675
2004-01-22,7.7663
2004-01-23,7.7665
2004-01-26,7.7670
2004-01-27,7.7644
2004-01-28,7.7680
2004-01-29,7.7750
2004-01-30,7.7775
2004-02-02,7.7767
2004-02-03,7.7743
2004-02-04,7.7776
2004-02-05,7.7738
2004-02-06,7.7735
2004-02-09,7.7686
2004-02-10,7.7692
2004-02-11,7.7705
2004-02-12,7.7715
2004-02-13,7.7710
2004-02-16,.
2004-02-17,7.7703
2004-02-18,7.7715
2004-02-19,7.7745
2004-02-20,7.7751
2004-02-23,7.7755
2004-02-24,7.7780
2004-02-25,7.7810
2004-02-26,7.7843
2004-02-27,7.7845
2004-03-01,7.7842
2004-03-02,7.7858
2004-03-03,7.7933
2004-03-04,7.7930
2004-03-05,7.7860
2004-03-08,7.7905
2004-03-09,7.7908
2004-03-10,7.7942
2004-03-11,7.7960
2004-03-12,7.7940
2004-03-15,7.7943
2004-03-16,7.7920
2004-03-17,7.7912
2004-03-18,7.7925
2004-03-19,7.7932
2004-03-22,7.7936
2004-03-23,7.7955
2004-03-24,7.7965
2004-03-25,7.7980
2004-03-26,7.7975
2004-03-29,7.7975
2004-03-30,7.7963
2004-03-31,7.7930
2004-04-01,7.7883
2004-04-02,7.7870
2004-04-05,7.7895
2004-04-06,7.7957
2004-04-07,7.7952
2004-04-08,7.7959
2004-04-09,7.7970
2004-04-12,7.7963
2004-04-13,7.7966
2004-04-14,7.7980
2004-04-15,7.7985
2004-04-16,7.7990
2004-04-19,7.7994
2004-04-20,7.7989
2004-04-21,7.8000
2004-04-22,7.7995
2004-04-23,7.8000
2004-04-26,7.7995
2004-04-27,7.7995
2004-04-28,7.7997
2004-04-29,7.8000
2004-04-30,7.7998
2004-05-03,7.8000
2004-05-04,7.8000
2004-05-05,7.7997
2004-05-06,7.7995
2004-05-07,7.7997
2004-05-10,7.8000
2004-05-11,7.8001
2004-05-12,7.7990
2004-05-13,7.8000
2004-05-14,7.8010
2004-05-17,7.8000
2004-05-18,7.8000
2004-05-19,7.7895
2004-05-20,7.7935
2004-05-21,7.7901
2004-05-24,7.7930
2004-05-25,7.7939
2004-05-26,7.7944
2004-05-27,7.7938
2004-05-28,7.7941
2004-05-31,.
2004-06-01,7.7970
2004-06-02,7.7967
2004-06-03,7.7970
2004-06-04,7.7960
2004-06-07,7.7953
2004-06-08,7.7947
2004-06-09,7.7965
2004-06-10,7.7978
2004-06-11,7.7954
2004-06-14,7.7975
2004-06-15,7.7998
2004-06-16,7.7987
2004-06-17,7.7983
2004-06-18,7.7997
2004-06-21,7.7995
2004-06-22,7.7994
2004-06-23,7.8000
2004-06-24,7.7995
2004-06-25,7.7976
2004-06-28,7.7990
2004-06-29,7.7998
2004-06-30,7.8000
2004-07-01,7.8000
2004-07-02,7.7999
2004-07-05,.
2004-07-06,7.7990
2004-07-07,7.7994
2004-07-08,7.8000
2004-07-09,7.8000
2004-07-12,7.7997
2004-07-13,7.7998
2004-07-14,7.7998
2004-07-15,7.8003
2004-07-16,7.8000
2004-07-19,7.8000
2004-07-20,7.8002
2004-07-21,7.8000
2004-07-22,7.8000
2004-07-23,7.8005
2004-07-26,7.8000
2004-07-27,7.8008
2004-07-28,7.8000
2004-07-29,7.7998
2004-07-30,7.7999
2004-08-02,7.8000
2004-08-03,7.7990
2004-08-04,7.8003
2004-08-05,7.7999
2004-08-06,7.7970
2004-08-09,7.7985
2004-08-10,7.7996
2004-08-11,7.8000
2004-08-12,7.7989
2004-08-13,7.7991
2004-08-16,7.8000
2004-08-17,7.7998
2004-08-18,7.8003
2004-08-19,7.8000
2004-08-20,7.8000
2004-08-23,7.7997
2004-08-24,7.7998
2004-08-25,7.8000
2004-08-26,7.8000
2004-08-27,7.8005
2004-08-30,7.8004
2004-08-31,7.8000
2004-09-01,7.8000
2004-09-02,7.7970
2004-09-03,7.8002
2004-09-06,.
2004-09-07,7.7997
2004-09-08,7.7998
2004-09-09,7.7995
2004-09-10,7.8000
2004-09-13,7.8000
2004-09-14,7.7986
2004-09-15,7.7998
2004-09-16,7.7996
2004-09-17,7.7998
2004-09-20,7.7999
2004-09-21,7.7997
2004-09-22,7.7999
2004-09-23,7.7998
2004-09-24,7.8001
2004-09-27,7.7998
2004-09-28,7.7990
2004-09-29,7.7991
2004-09-30,7.7984
2004-10-01,7.7971
2004-10-04,7.7984
2004-10-05,7.7980
2004-10-06,7.7990
2004-10-07,7.7975
2004-10-08,7.7850
2004-10-11,.
2004-10-12,7.7924
2004-10-13,7.7946
2004-10-14,7.7920
2004-10-15,7.7885
2004-10-18,7.7915
2004-10-19,7.7905
2004-10-20,7.7856
2004-10-21,7.7864
2004-10-22,7.7868
2004-10-25,7.7752
2004-10-26,7.7803
2004-10-27,7.7770
2004-10-28,7.7792
2004-10-29,7.7834
2004-11-01,7.7798
2004-11-02,7.7815
2004-11-03,7.7801
2004-11-04,7.7753
2004-11-05,7.7718
2004-11-08,7.7751
2004-11-09,7.7742
2004-11-10,7.7807
2004-11-11,.
2004-11-12,7.7720
2004-11-15,7.7750
2004-11-16,7.7752
2004-11-17,7.7740
2004-11-18,7.7767
2004-11-19,7.7719
2004-11-22,7.7730
2004-11-23,7.7753
2004-11-24,7.7728
2004-11-25,.
2004-11-26,7.7734
2004-11-29,7.7759
2004-11-30,7.7760
2004-12-01,7.7741
2004-12-02,7.7726
2004-12-03,7.7723
2004-12-06,7.7702
2004-12-07,7.7702
2004-12-08,7.7698
2004-12-09,7.7760
2004-12-10,7.7747
2004-12-13,7.7749
2004-12-14,7.7760
2004-12-15,7.7743
2004-12-16,7.7751
2004-12-17,7.7796
2004-12-20,7.7814
2004-12-21,7.7796
2004-12-22,7.7815
2004-12-23,7.7814
2004-12-24,7.7819
2004-12-27,7.7821
2004-12-28,7.7731
2004-12-29,7.7793
2004-12-30,7.7757
2004-12-31,7.7723
2005-01-03,7.7775
2005-01-04,7.7851
2005-01-05,7.7881
2005-01-06,7.7935
2005-01-07,7.7920
2005-01-10,7.7946
2005-01-11,7.7955
2005-01-12,7.7929
2005-01-13,7.7915
2005-01-14,7.7962
2005-01-17,.
2005-01-18,7.7990
2005-01-19,7.7982
2005-01-20,7.7990
2005-01-21,7.7984
2005-01-24,7.7982
2005-01-25,7.7994
2005-01-26,7.7988
2005-01-27,7.7988
2005-01-28,7.7992
2005-01-31,7.7993
2005-02-01,7.7999
2005-02-02,7.7994
2005-02-03,7.7995
2005-02-04,7.7984
2005-02-07,7.7993
2005-02-08,7.7993
2005-02-09,7.7993
2005-02-10,7.7993
2005-02-11,7.7994
2005-02-14,7.7990
2005-02-15,7.7991
2005-02-16,7.7994
2005-02-17,7.7996
2005-02-18,7.7994
2005-02-21,.
2005-02-22,7.7995
2005-02-23,7.7996
2005-02-24,7.7996
2005-02-25,7.7996
2005-02-28,7.7992
2005-03-01,7.7994
2005-03-02,7.7996
2005-03-03,7.7996
2005-03-04,7.7996
2005-03-07,7.7996
2005-03-08,7.7996
2005-03-09,7.7996
2005-03-10,7.7989
2005-03-11,7.7992
2005-03-14,7.7996
2005-03-15,7.7995
2005-03-16,7.7994
2005-03-17,7.7998
2005-03-18,7.7987
2005-03-21,7.7989
2005-03-22,7.7996
2005-03-23,7.7993
2005-03-24,7.7996
2005-03-25,7.7994
2005-03-28,7.7995
2005-03-29,7.7996
2005-03-30,7.7993
2005-03-31,7.7990
2005-04-01,7.7989
2005-04-04,7.7991
2005-04-05,7.7995
2005-04-06,7.7993
2005-04-07,7.7990
2005-04-08,7.7989
2005-04-11,7.7990
2005-04-12,7.7991
2005-04-13,7.7989
2005-04-14,7.7987
2005-04-15,7.7984
2005-04-18,7.7990
2005-04-19,7.7990
2005-04-20,7.7994
2005-04-21,7.7992
2005-04-22,7.7956
2005-04-25,7.7959
2005-04-26,7.7981
2005-04-27,7.7988
2005-04-28,7.7989
2005-04-29,7.7946
2005-05-02,7.7963
2005-05-03,7.7952
2005-05-04,7.7937
2005-05-05,7.7915
2005-05-06,7.7929
2005-05-09,7.7970
2005-05-10,7.7984
2005-05-11,7.7980
2005-05-12,7.7977
2005-05-13,7.7984
2005-05-16,7.7992
2005-05-17,7.7995
2005-05-18,7.7940
2005-05-19,7.7928
2005-05-20,7.7905
2005-05-23,7.7861
2005-05-24,7.7803
2005-05-25,7.7816
2005-05-26,7.7811
2005-05-27,7.7767
2005-05-30,.
2005-05-31,7.7788
2005-06-01,7.7842
2005-06-02,7.7833
2005-06-03,7.7821
2005-06-06,7.7810
2005-06-07,7.7806
2005-06-08,7.7802
2005-06-09,7.7806
2005-06-10,7.7781
2005-06-13,7.7754
2005-06-14,7.7737
2005-06-15,7.7735
2005-06-16,7.7747
2005-06-17,7.7735
2005-06-20,7.7737
2005-06-21,7.7711
2005-06-22,7.7692
2005-06-23,7.7703
2005-06-24,7.7719
2005-06-27,7.7712
2005-06-28,7.7711
2005-06-29,7.7705
2005-06-30,7.7719
2005-07-01,7.7718
2005-07-04,.
2005-07-05,7.7718
2005-07-06,7.7729
2005-07-07,7.7728
2005-07-08,7.7739
2005-07-11,7.7776
2005-07-12,7.7787
2005-07-13,7.7792
2005-07-14,7.7773
2005-07-15,7.7772
2005-07-18,7.7760
2005-07-19,7.7770
2005-07-20,7.7777
2005-07-21,7.7685
2005-07-22,7.7733
2005-07-25,7.7732
2005-07-26,7.7764
2005-07-27,7.7773
2005-07-28,7.7743
2005-07-29,7.7744
2005-08-01,7.7722
2005-08-02,7.7722
2005-08-03,7.7712
2005-08-04,7.7729
2005-08-05,7.7711
2005-08-08,7.7709
2005-08-09,7.7713
2005-08-10,7.7693
2005-08-11,7.7687
2005-08-12,7.7691
2005-08-15,7.7684
2005-08-16,7.7714
2005-08-17,7.7713
2005-08-18,7.7692
2005-08-19,7.7711
2005-08-22,7.7710
2005-08-23,7.7734
2005-08-24,7.7733
2005-08-25,7.7709
2005-08-26,7.7688
2005-08-29,7.7691
2005-08-30,7.7710
2005-08-31,7.7718
2005-09-01,7.7693
2005-09-02,7.7670
2005-09-05,.
2005-09-06,7.7673
2005-09-07,7.7671
2005-09-08,7.7659
2005-09-09,7.7645
2005-09-12,7.7615
2005-09-13,7.7609
2005-09-14,7.7596
2005-09-15,7.7591
2005-09-16,7.7607
2005-09-19,7.7612
2005-09-20,7.7617
2005-09-21,7.7617
2005-09-22,7.7604
2005-09-23,7.7591
2005-09-26,7.7575
2005-09-27,7.7575
2005-09-28,7.7595
2005-09-29,7.7593
2005-09-30,7.7567
2005-10-03,7.7574
2005-10-04,7.7563
2005-10-05,7.7556
2005-10-06,7.7555
2005-10-07,7.7545
2005-10-10,.
2005-10-11,7.7579
2005-10-12,7.7581
2005-10-13,7.7583
2005-10-14,7.7565
2005-10-17,7.7571
2005-10-18,7.7586
2005-10-19,7.7587
2005-10-20,7.7587
2005-10-21,7.7543
2005-10-24,7.7549
2005-10-25,7.7546
2005-10-26,7.7535
2005-10-27,7.7535
2005-10-28,7.7529
2005-10-31,7.7519
2005-11-01,7.7514
2005-11-02,7.7526
2005-11-03,7.7524
2005-11-04,7.7523
2005-11-07,7.7521
2005-11-08,7.7539
2005-11-09,7.7570
2005-11-10,7.7553
2005-11-11,.
2005-11-14,7.7559
2005-11-15,7.7555
2005-11-16,7.7555
2005-11-17,7.7535
2005-11-18,7.7527
2005-11-21,7.7534
2005-11-22,7.7532
2005-11-23,7.7522
2005-11-24,.
2005-11-25,7.7540
2005-11-28,7.7536
2005-11-29,7.7539
2005-11-30,7.7546
2005-12-01,7.7548
2005-12-02,7.7544
2005-12-05,7.7534
2005-12-06,7.7540
2005-12-07,7.7540
2005-12-08,7.7539
2005-12-09,7.7541
2005-12-12,7.7534
2005-12-13,7.7532
2005-12-14,7.7528
2005-12-15,7.7526
2005-12-16,7.7518
2005-12-19,7.7516
2005-12-20,7.7518
2005-12-21,7.7520
2005-12-22,7.7523
2005-12-23,7.7525
2005-12-26,.
2005-12-27,7.7528
2005-12-28,7.7525
2005-12-29,7.7531
2005-12-30,7.7533
2006-01-02,.
2006-01-03,7.7535
2006-01-04,7.7533
2006-01-05,7.7534
2006-01-06,7.7531
2006-01-09,7.7507
2006-01-10,7.7506
2006-01-11,7.7509
2006-01-12,7.7511
2006-01-13,7.7513
2006-01-16,.
2006-01-17,7.7535
2006-01-18,7.7533
2006-01-19,7.7535
2006-01-20,7.7545
2006-01-23,7.7541
2006-01-24,7.7554
2006-01-25,7.7566
2006-01-26,7.7561
2006-01-27,7.7565
2006-01-30,7.7571
2006-01-31,7.7561
2006-02-01,7.7569
2006-02-02,7.7564
2006-02-03,7.7570
2006-02-06,7.7579
2006-02-07,7.7590
2006-02-08,7.7618
2006-02-09,7.7613
2006-02-10,7.7590
2006-02-13,7.7594
2006-02-14,7.7604
2006-02-15,7.7612
2006-02-16,7.7603
2006-02-17,7.7604
2006-02-20,.
2006-02-21,7.7610
2006-02-22,7.7611
2006-02-23,7.7587
2006-02-24,7.7580
2006-02-27,7.7580
2006-02-28,7.7584
2006-03-01,7.7574
2006-03-02,7.7574
2006-03-03,7.7587
2006-03-06,7.7587
2006-03-07,7.7607
2006-03-08,7.7609
2006-03-09,7.7608
2006-03-10,7.7620
2006-03-13,7.7590
2006-03-14,7.7578
2006-03-15,7.7583
2006-03-16,7.7570
2006-03-17,7.7573
2006-03-20,7.7585
2006-03-21,7.7594
2006-03-22,7.7599
2006-03-23,7.7591
2006-03-24,7.7591
2006-03-27,7.7590
2006-03-28,7.7590
2006-03-29,7.7598
2006-03-30,7.7595
2006-03-31,7.7597
2006-04-03,7.7598
2006-04-04,7.7591
2006-04-05,7.7589
2006-04-06,7.7579
2006-04-07,7.7557
2006-04-10,7.7564
2006-04-11,7.7589
2006-04-12,7.7582
2006-04-13,7.7575
2006-04-14,7.7569
2006-04-17,7.7565
2006-04-18,7.7556
2006-04-19,7.7539
2006-04-20,7.7544
2006-04-21,7.7542
2006-04-24,7.7530
2006-04-25,7.7537
2006-04-26,7.7548
2006-04-27,7.7544
2006-04-28,7.7529
2006-05-01,7.7527
2006-05-02,7.7536
2006-05-03,7.7526
2006-05-04,7.7521
2006-05-05,7.7518
2006-05-08,7.7510
2006-05-09,7.7517
2006-05-10,7.7517
2006-05-11,7.7526
2006-05-12,7.7532
2006-05-15,7.7531
2006-05-16,7.7531
2006-05-17,7.7534
2006-05-18,7.7541
2006-05-19,7.7554
2006-05-22,7.7537
2006-05-23,7.7553
2006-05-24,7.7559
2006-05-25,7.7567
2006-05-26,7.7562
2006-05-29,.
2006-05-30,7.7575
2006-05-31,7.7567
2006-06-01,7.7578
2006-06-02,7.7581
2006-06-05,7.7586
2006-06-06,7.7596
2006-06-07,7.7617
2006-06-08,7.7619
2006-06-09,7.7611
2006-06-12,7.7607
2006-06-13,7.7624
2006-06-14,7.7621
2006-06-15,7.7617
2006-06-16,7.7643
2006-06-19,7.7660
2006-06-20,7.7666
2006-06-21,7.7665
2006-06-22,7.7660
2006-06-23,7.7684
2006-06-26,7.7675
2006-06-27,7.7661
2006-06-28,7.7678
2006-06-29,7.7675
2006-06-30,7.7666
2006-07-03,7.7670
2006-07-04,.
2006-07-05,7.7715
2006-07-06,7.7709
2006-07-07,7.7682
2006-07-10,7.7707
2006-07-11,7.7730
2006-07-12,7.7759
2006-07-13,7.7754
2006-07-14,7.7753
2006-07-17,7.7751
2006-07-18,7.7740
2006-07-19,7.7756
2006-07-20,7.7756
2006-07-21,7.7754
2006-07-24,7.7773
2006-07-25,7.7775
2006-07-26,7.7775
2006-07-27,7.7717
2006-07-28,7.7703
2006-07-31,7.7703
2006-08-01,7.7723
2006-08-02,7.7735
2006-08-03,7.7726
2006-08-04,7.7742
2006-08-07,7.7755
2006-08-08,7.7760
2006-08-09,7.7769
2006-08-10,7.7768
2006-08-11,7.7772
2006-08-14,7.7785
2006-08-15,7.7789
2006-08-16,7.7768
2006-08-17,7.7748
2006-08-18,7.7732
2006-08-21,7.7752
2006-08-22,7.7764
2006-08-23,7.7770
2006-08-24,7.7766
2006-08-25,7.7796
2006-08-28,7.7790
2006-08-29,7.7776
2006-08-30,7.7774
2006-08-31,7.7767
2006-09-01,7.7780
2006-09-04,.
2006-09-05,7.7776
2006-09-06,7.7772
2006-09-07,7.7767
2006-09-08,7.7781
2006-09-11,7.7785
2006-09-12,7.7793
2006-09-13,7.7808
2006-09-14,7.7819
2006-09-15,7.7825
2006-09-18,7.7841
2006-09-19,7.7862
2006-09-20,7.7855
2006-09-21,7.7834
2006-09-22,7.7827
2006-09-25,7.7837
2006-09-26,7.7866
2006-09-27,7.7878
2006-09-28,7.7884
2006-09-29,7.7913
2006-10-02,7.7911
2006-10-03,7.7907
2006-10-04,7.7917
2006-10-05,7.7865
2006-10-06,7.7852
2006-10-09,.
2006-10-10,7.7928
2006-10-11,7.7927
2006-10-12,7.7906
2006-10-13,7.7889
2006-10-16,7.7837
2006-10-17,7.7802
2006-10-18,7.7839
2006-10-19,7.7875
2006-10-20,7.7847
2006-10-23,7.7815
2006-10-24,7.7812
2006-10-25,7.7818
2006-10-26,7.7809
2006-10-27,7.7751
2006-10-30,7.7746
2006-10-31,7.7780
2006-11-01,7.7765
2006-11-02,7.7762
2006-11-03,7.7774
2006-11-06,7.7818
2006-11-07,7.7848
2006-11-08,7.7838
2006-11-09,7.7838
2006-11-10,7.7824
2006-11-13,7.7844
2006-11-14,7.7842
2006-11-15,7.7859
2006-11-16,7.7856
2006-11-17,7.7875
2006-11-20,7.7864
2006-11-21,7.7859
2006-11-22,7.7864
2006-11-23,.
2006-11-24,7.7759
2006-11-27,7.7761
2006-11-28,7.7753
2006-11-29,7.7751
2006-11-30,7.7779
2006-12-01,7.7748
2006-12-04,7.7722
2006-12-05,7.7709
2006-12-06,7.7700
2006-12-07,7.7665
2006-12-08,7.7736
2006-12-11,7.7733
2006-12-12,7.7731
2006-12-13,7.7712
2006-12-14,7.7708
2006-12-15,7.7721
2006-12-18,7.7725
2006-12-19,7.7752
2006-12-20,7.7743
2006-12-21,7.7756
2006-12-22,7.7771
2006-12-25,.
2006-12-26,7.7787
2006-12-27,7.7741
2006-12-28,7.7719
2006-12-29,7.7771
2007-01-01,.
2007-01-02,7.7797
2007-01-03,7.7867
2007-01-04,7.7885
2007-01-05,7.7908
2007-01-08,7.7946
2007-01-09,7.7974
2007-01-10,7.7983
2007-01-11,7.7977
2007-01-12,7.7992
2007-01-15,.
2007-01-16,7.8005
2007-01-17,7.8039
2007-01-18,7.8100
2007-01-19,7.8072
2007-01-22,7.7973
2007-01-23,7.7998
2007-01-24,7.8035
2007-01-25,7.8063
2007-01-26,7.8091
2007-01-29,7.8112
2007-01-30,7.8100
2007-01-31,7.8078
2007-02-01,7.8041
2007-02-02,7.8068
2007-02-05,7.8086
2007-02-06,7.8090
2007-02-07,7.8130
2007-02-08,7.8141
2007-02-09,7.8131
2007-02-12,7.8136
2007-02-13,7.8141
2007-02-14,7.8133
2007-02-15,7.8087
2007-02-16,7.8124
2007-02-19,.
2007-02-20,7.8141
2007-02-21,7.8127
2007-02-22,7.8112
2007-02-23,7.8087
2007-02-26,7.8127
2007-02-27,7.8136
2007-02-28,7.8119
2007-03-01,7.8119
2007-03-02,7.8146
2007-03-05,7.8149
2007-03-06,7.8151
2007-03-07,7.8177
2007-03-08,7.8129
2007-03-09,7.8141
2007-03-12,7.8143
2007-03-13,7.8154
2007-03-14,7.8148
2007-03-15,7.8116
2007-03-16,7.8108
2007-03-19,7.8124
2007-03-20,7.8124
2007-03-21,7.8107
2007-03-22,7.8093
2007-03-23,7.8105
2007-03-26,7.8130
2007-03-27,7.8130
2007-03-28,7.8139
2007-03-29,7.8127
2007-03-30,7.8137
2007-04-02,7.8155
2007-04-03,7.8153
2007-04-04,7.8166
2007-04-05,7.8162
2007-04-06,7.8174
2007-04-09,7.8175
2007-04-10,7.8124
2007-04-11,7.8129
2007-04-12,7.8143
2007-04-13,7.8120
2007-04-16,7.8134
2007-04-17,7.8117
2007-04-18,7.8095
2007-04-19,7.8133
2007-04-20,7.8137
2007-04-23,7.8148
2007-04-24,7.8154
2007-04-25,7.8180
2007-04-26,7.8210
2007-04-27,7.8212
2007-04-30,7.8212
2007-05-01,7.8222
2007-05-02,7.8215
2007-05-03,7.8211
2007-05-04,7.8207
2007-05-07,7.8182
2007-05-08,7.8180
2007-05-09,7.8197
2007-05-10,7.8204
2007-05-11,7.8201
2007-05-14,7.8116
2007-05-15,7.8141
2007-05-16,7.8185
2007-05-17,7.8204
2007-05-18,7.8188
2007-05-21,7.8215
2007-05-22,7.8236
2007-05-23,7.8228
2007-05-24,7.8233
2007-05-25,7.8225
2007-05-28,.
2007-05-29,7.8194
2007-05-30,7.8044
2007-05-31,7.8087
2007-06-01,7.8106
2007-06-04,7.8062
2007-06-05,7.8086
2007-06-06,7.8116
2007-06-07,7.8146
2007-06-08,7.8157
2007-06-11,7.8141
2007-06-12,7.8167
2007-06-13,7.8148
2007-06-14,7.8169
2007-06-15,7.8188
2007-06-18,7.8171
2007-06-19,7.8171
2007-06-20,7.8141
2007-06-21,7.8123
2007-06-22,7.8151
2007-06-25,7.8122
2007-06-26,7.8126
2007-06-27,7.8147
2007-06-28,7.8165
2007-06-29,7.8184
2007-07-02,7.8165
2007-07-03,7.8129
2007-07-04,.
2007-07-05,7.8173
2007-07-06,7.8175
2007-07-09,7.8148
2007-07-10,7.8158
2007-07-11,7.8160
2007-07-12,7.8165
2007-07-13,7.8194
2007-07-16,7.8202
2007-07-17,7.8202
2007-07-18,7.8201
2007-07-19,7.8209
2007-07-20,7.8199
2007-07-23,7.8202
2007-07-24,7.8218
2007-07-25,7.8240
2007-07-26,7.8237
2007-07-27,7.8242
2007-07-30,7.8246
2007-07-31,7.8264
2007-08-01,7.8285
2007-08-02,7.8277
2007-08-03,7.8283
2007-08-06,7.8289
2007-08-07,7.8281
2007-08-08,7.8281
2007-08-09,7.8235
2007-08-10,7.8197
2007-08-13,7.8231
2007-08-14,7.8224
2007-08-15,7.8203
2007-08-16,7.8181
2007-08-17,7.8137
2007-08-20,7.8189
2007-08-21,7.8073
2007-08-22,7.8081
2007-08-23,7.8093
2007-08-24,7.8005
2007-08-27,7.8035
2007-08-28,7.7991
2007-08-29,7.8042
2007-08-30,7.7975
2007-08-31,7.7968
2007-09-03,7.7968
2007-09-04,7.7947
2007-09-05,7.7928
2007-09-06,7.7865
2007-09-07,7.7871
2007-09-10,7.7758
2007-09-11,7.7864
2007-09-12,7.7878
2007-09-13,7.7889
2007-09-14,7.7873
2007-09-17,7.7875
2007-09-18,7.7888
2007-09-19,7.7848
2007-09-20,7.7828
2007-09-21,7.7834
2007-09-24,7.7735
2007-09-25,7.7681
2007-09-26,7.7668
2007-09-27,7.7591
2007-09-28,7.7689
2007-10-01,7.7694
2007-10-02,7.7625
2007-10-03,7.7588
2007-10-04,7.7590
2007-10-05,7.7556
2007-10-08,7.7556
2007-10-09,7.7604
2007-10-10,7.7559
2007-10-11,7.7555
2007-10-12,7.7535
2007-10-15,7.7536
2007-10-16,7.7540
2007-10-17,7.7541
2007-10-18,7.7510
2007-10-19,7.7504
2007-10-22,7.7504
2007-10-23,7.7506
2007-10-24,7.7509
2007-10-25,7.7502
2007-10-26,7.7504
2007-10-29,7.7511
2007-10-30,7.7497
2007-10-31,7.7502
2007-11-01,7.7573
2007-11-02,7.7573
2007-11-05,7.7635
2007-11-06,7.7630
2007-11-07,7.7649
2007-11-08,7.7651
2007-11-09,7.7817
2007-11-12,.
2007-11-13,7.7870
2007-11-14,7.7890
2007-11-15,7.7866
2007-11-16,7.7819
2007-11-19,7.7818
2007-11-20,7.7795
2007-11-21,7.7808
2007-11-22,7.7808
2007-11-23,7.7779
2007-11-26,7.7844
2007-11-27,7.7838
2007-11-28,7.7840
2007-11-29,7.7885
2007-11-30,7.7874
2007-12-03,7.7879
2007-12-04,7.7911
2007-12-05,7.7944
2007-12-06,7.7932
2007-12-07,7.7938
2007-12-10,7.7966
2007-12-11,7.7967
2007-12-12,7.7984
2007-12-13,7.7966
2007-12-14,7.7991
2007-12-17,7.7974
2007-12-18,7.8023
2007-12-19,7.8005
2007-12-20,7.8010
2007-12-21,7.8006
2007-12-24,7.8055
2007-12-25,.
2007-12-26,7.8073
2007-12-27,7.8012
2007-12-28,7.8047
2007-12-31,7.7984
2008-01-01,.
2008-01-02,7.8107
2008-01-03,7.8047
2008-01-04,7.8003
2008-01-07,7.8015
2008-01-08,7.8016
2008-01-09,7.8053
2008-01-10,7.8036
2008-01-11,7.8052
2008-01-14,7.8036
2008-01-15,7.7989
2008-01-16,7.7998
2008-01-17,7.8047
2008-01-18,7.8073
2008-01-21,.
2008-01-22,7.8094
2008-01-23,7.8075
2008-01-24,7.8092
2008-01-25,7.8072
2008-01-28,7.8081
2008-01-29,7.8048
2008-01-30,7.8024
2008-01-31,7.7961
2008-02-01,7.7971
2008-02-04,7.7999
2008-02-05,7.7985
2008-02-06,7.8009
2008-02-07,7.8004
2008-02-08,7.8004
2008-02-11,7.7968
2008-02-12,7.7977
2008-02-13,7.7998
2008-02-14,7.7995
2008-02-15,7.8004
2008-02-18,.
2008-02-19,7.8012
2008-02-20,7.8007
2008-02-21,7.7990
2008-02-22,7.7968
2008-02-25,7.7971
2008-02-26,7.7936
2008-02-27,7.7842
2008-02-28,7.7821
2008-02-29,7.7807
2008-03-03,7.7841
2008-03-04,7.7829
2008-03-05,7.7897
2008-03-06,7.7885
2008-03-07,7.7857
2008-03-10,7.7887
2008-03-11,7.7879
2008-03-12,7.7872
2008-03-13,7.7858
2008-03-14,7.7829
2008-03-17,7.7642
2008-03-18,7.7702
2008-03-19,7.7720
2008-03-20,7.7774
2008-03-21,7.7770
2008-03-24,7.7787
2008-03-25,7.7782
2008-03-26,7.7820
2008-03-27,7.7813
2008-03-28,7.7807
2008-03-31,7.7819
2008-04-01,7.7868
2008-04-02,7.7879
2008-04-03,7.7905
2008-04-04,7.7909
2008-04-07,7.7899
2008-04-08,7.7871
2008-04-09,7.7898
2008-04-10,7.7863
2008-04-11,7.7885
2008-04-14,7.7912
2008-04-15,7.7931
2008-04-16,7.7935
2008-04-17,7.7915
2008-04-18,7.7939
2008-04-21,7.7936
2008-04-22,7.7929
2008-04-23,7.7963
2008-04-24,7.7908
2008-04-25,7.7911
2008-04-28,7.7897
2008-04-29,7.7920
2008-04-30,7.7950
2008-05-01,7.7931
2008-05-02,7.7951
2008-05-05,7.7946
2008-05-06,7.7931
2008-05-07,7.7935
2008-05-08,7.7946
2008-05-09,7.7965
2008-05-12,7.7963
2008-05-13,7.7966
2008-05-14,7.7990
2008-05-15,7.7995
2008-05-16,7.7998
2008-05-19,7.7999
2008-05-20,7.8004
2008-05-21,7.8004
2008-05-22,7.7999
2008-05-23,7.8018
2008-05-26,.
2008-05-27,7.8060
2008-05-28,7.8050
2008-05-29,7.8051
2008-05-30,7.8041
2008-06-02,7.8037
2008-06-03,7.8049
2008-06-04,7.8079
2008-06-05,7.8077
2008-06-06,7.8095
2008-06-09,7.8082
2008-06-10,7.8093
2008-06-11,7.8090
2008-06-12,7.8159
2008-06-13,7.8155
2008-06-16,7.8083
2008-06-17,7.8093
2008-06-18,7.8061
2008-06-19,7.8068
2008-06-20,7.8057
2008-06-23,7.8073
2008-06-24,7.8070
2008-06-25,7.8070
2008-06-26,7.8051
2008-06-27,7.8023
2008-06-30,7.7970
2008-07-01,7.7992
2008-07-02,7.7979
2008-07-03,7.7978
2008-07-04,.
2008-07-07,7.8026
2008-07-08,7.8022
2008-07-09,7.8027
2008-07-10,7.8030
2008-07-11,7.8039
2008-07-14,7.8037
2008-07-15,7.7967
2008-07-16,7.7990
2008-07-17,7.7976
2008-07-18,7.7968
2008-07-21,7.7971
2008-07-22,7.7959
2008-07-23,7.7993
2008-07-24,7.7988
2008-07-25,7.8000
2008-07-28,7.8002
2008-07-29,7.8022
2008-07-30,7.8036
2008-07-31,7.8017
2008-08-01,7.8046
2008-08-04,7.8036
2008-08-05,7.8043
2008-08-06,7.8050
2008-08-07,7.8045
2008-08-08,7.8126
2008-08-11,7.8081
2008-08-12,7.8074
2008-08-13,7.8083
2008-08-14,7.8097
2008-08-15,7.8142
2008-08-18,7.8124
2008-08-19,7.8108
2008-08-20,7.8089
2008-08-21,7.8063
2008-08-22,7.8059
2008-08-25,7.8076
2008-08-26,7.8070
2008-08-27,7.8074
2008-08-28,7.8068
2008-08-29,7.8036
2008-09-01,.
2008-09-02,7.8067
2008-09-03,7.8076
2008-09-04,7.8080
2008-09-05,7.8094
2008-09-08,7.8014
2008-09-09,7.7977
2008-09-10,7.7995
2008-09-11,7.7973
2008-09-12,7.7963
2008-09-15,7.7937
2008-09-16,7.7760
2008-09-17,7.7812
2008-09-18,7.7799
2008-09-19,7.7770
2008-09-22,7.7700
2008-09-23,7.7582
2008-09-24,7.7608
2008-09-25,7.7731
2008-09-26,7.7704
2008-09-29,7.7629
2008-09-30,7.7659
2008-10-01,7.7669
2008-10-02,7.7707
2008-10-03,7.7719
2008-10-06,7.7699
2008-10-07,7.7736
2008-10-08,7.7695
2008-10-09,7.7602
2008-10-10,7.7590
2008-10-13,.
2008-10-14,7.7599
2008-10-15,7.7573
2008-10-16,7.7571
2008-10-17,7.7554
2008-10-20,7.7549
2008-10-21,7.7529
2008-10-22,7.7523
2008-10-23,7.7544
2008-10-24,7.7510
2008-10-27,7.7515
2008-10-28,7.7520
2008-10-29,7.7514
2008-10-30,7.7511
2008-10-31,7.7503
2008-11-03,7.7497
2008-11-04,7.7499
2008-11-05,7.7497
2008-11-06,7.7499
2008-11-07,7.7497
2008-11-10,7.7498
2008-11-11,.
2008-11-12,7.7504
2008-11-13,7.7504
2008-11-14,7.7498
2008-11-17,7.7499
2008-11-18,7.7500
2008-11-19,7.7498
2008-11-20,7.7497
2008-11-21,7.7509
2008-11-24,7.7523
2008-11-25,7.7550
2008-11-26,7.7560
2008-11-27,.
2008-11-28,7.7501
2008-12-01,7.7510
2008-12-02,7.7514
2008-12-03,7.7522
2008-12-04,7.7516
2008-12-05,7.7513
2008-12-08,7.7504
2008-12-09,7.7501
2008-12-10,7.7500
2008-12-11,7.7499
2008-12-12,7.7497
2008-12-15,7.7500
2008-12-16,7.7505
2008-12-17,7.7500
2008-12-18,7.7502
2008-12-19,7.7501
2008-12-22,7.7508
2008-12-23,7.7497
2008-12-24,7.7503
2008-12-25,.
2008-12-26,7.7502
2008-12-29,7.7500
2008-12-30,7.7498
2008-12-31,7.7499
2009-01-01,.
2009-01-02,7.7504
2009-01-05,7.7525
2009-01-06,7.7534
2009-01-07,7.7511
2009-01-08,7.7551
2009-01-09,7.7572
2009-01-12,7.7546
2009-01-13,7.7546
2009-01-14,7.7571
2009-01-15,7.7618
2009-01-16,7.7597
2009-01-19,.
2009-01-20,7.7583
2009-01-21,7.7597
2009-01-22,7.7587
2009-01-23,7.7566
2009-01-26,7.7567
2009-01-27,7.7598
2009-01-28,7.7581
2009-01-29,7.7564
2009-01-30,7.7544
2009-02-02,7.7544
2009-02-03,7.7530
2009-02-04,7.7536
2009-02-05,7.7528
2009-02-06,7.7541
2009-02-09,7.7520
2009-02-10,7.7515
2009-02-11,7.7511
2009-02-12,7.7519
2009-02-13,7.7528
2009-02-16,.
2009-02-17,7.7545
2009-02-18,7.7551
2009-02-19,7.7546
2009-02-20,7.7543
2009-02-23,7.7526
2009-02-24,7.7532
2009-02-25,7.7533
2009-02-26,7.7541
2009-02-27,7.7551
2009-03-02,7.7573
2009-03-03,7.7585
2009-03-04,7.7593
2009-03-05,7.7574
2009-03-06,7.7549
2009-03-09,7.7560
2009-03-10,7.7554
2009-03-11,7.7557
2009-03-12,7.7533
2009-03-13,7.7527
2009-03-16,7.7515
2009-03-17,7.7519
2009-03-18,7.7523
2009-03-19,7.7511
2009-03-20,7.7499
2009-03-23,7.7502
2009-03-24,7.7497
2009-03-25,7.7497
2009-03-26,7.7497
2009-03-27,7.7500
2009-03-30,7.7497
2009-03-31,7.7500
2009-04-01,7.7501
2009-04-02,7.7500
2009-04-03,7.7500
2009-04-06,7.7499
2009-04-07,7.7501
2009-04-08,7.7505
2009-04-09,7.7503
2009-04-10,7.7503
2009-04-13,7.7505
2009-04-14,7.7501
2009-04-15,7.7501
2009-04-16,7.7501
2009-04-17,7.7501
2009-04-20,7.7501
2009-04-21,7.7505
2009-04-22,7.7500
2009-04-23,7.7500
2009-04-24,7.7495
2009-04-27,7.7500
2009-04-28,7.7508
2009-04-29,7.7501
2009-04-30,7.7500
2009-05-01,7.7500
2009-05-04,7.7500
2009-05-05,7.7500
2009-05-06,7.7500
2009-05-07,7.7500
2009-05-08,7.7500
2009-05-11,7.7500
2009-05-12,7.7500
2009-05-13,7.7500
2009-05-14,7.7501
2009-05-15,7.7508
2009-05-18,7.7523
2009-05-19,7.7517
2009-05-20,7.7520
2009-05-21,7.7520
2009-05-22,7.7516
2009-05-25,.
2009-05-26,7.7521
2009-05-27,7.7525
2009-05-28,7.7526
2009-05-29,7.7519
2009-06-01,7.7516
2009-06-02,7.7513
2009-06-03,7.7515
2009-06-04,7.7509
2009-06-05,7.7506
2009-06-08,7.7507
2009-06-09,7.7507
2009-06-10,7.7512
2009-06-11,7.7510
2009-06-12,7.7499
2009-06-15,7.7504
2009-06-16,7.7501
2009-06-17,7.7503
2009-06-18,7.7500
2009-06-19,7.7500
2009-06-22,7.7501
2009-06-23,7.7500
2009-06-24,7.7499
2009-06-25,7.7500
2009-06-26,7.7499
2009-06-29,7.7500
2009-06-30,7.7500
2009-07-01,7.7500
2009-07-02,7.7500
2009-07-03,7.7495
2009-07-06,7.7499
2009-07-07,7.7499
2009-07-08,7.7501
2009-07-09,7.7503
2009-07-10,7.7505
2009-07-13,7.7504
2009-07-14,7.7504
2009-07-15,7.7500
2009-07-16,7.7499
2009-07-17,7.7499
2009-07-20,7.7495
2009-07-21,7.7499
2009-07-22,7.7499
2009-07-23,7.7499
2009-07-24,7.7500
2009-07-27,7.7501
2009-07-28,7.7501
2009-07-29,7.7495
2009-07-30,7.7500
2009-07-31,7.7500
2009-08-03,7.7500
2009-08-04,7.7500
2009-08-05,7.7501
2009-08-06,7.7502
2009-08-07,7.7503
2009-08-10,7.7500
2009-08-11,7.7500
2009-08-12,7.7508
2009-08-13,7.7507
2009-08-14,7.7506
2009-08-17,7.7508
2009-08-18,7.7514
2009-08-19,7.7516
2009-08-20,7.7511
2009-08-21,7.7512
2009-08-24,7.7501
2009-08-25,7.7504
2009-08-26,7.7508
2009-08-27,7.7511
2009-08-28,7.7507
2009-08-31,7.7505
2009-09-01,7.7507
2009-09-02,7.7514
2009-09-03,7.7511
2009-09-04,7.7503
2009-09-07,.
2009-09-08,7.7498
2009-09-09,7.7504
2009-09-10,7.7505
2009-09-11,7.7500
2009-09-14,7.7500
2009-09-15,7.7501
2009-09-16,7.7500
2009-09-17,7.7502
2009-09-18,7.7502
2009-09-21,7.7505
2009-09-22,7.7502
2009-09-23,7.7505
2009-09-24,7.7502
2009-09-25,7.7502
2009-09-28,7.7499
2009-09-29,7.7501
2009-09-30,7.7500
2009-10-01,7.7500
2009-10-02,7.7500
2009-10-05,7.7501
2009-10-06,7.7500
2009-10-07,7.7496
2009-10-08,7.7496
2009-10-09,7.7495
2009-10-12,.
2009-10-13,7.7500
2009-10-14,7.7495
2009-10-15,7.7500
2009-10-16,7.7495
2009-10-19,7.7502
2009-10-20,7.7496
2009-10-21,7.7496
2009-10-22,7.7495
2009-10-23,7.7495
2009-10-26,7.7495
2009-10-27,7.7495
2009-10-28,7.7495
2009-10-29,7.7502
2009-10-30,7.7497
2009-11-02,7.7501
2009-11-03,7.7501
2009-11-04,7.7496
2009-11-05,7.7495
2009-11-06,7.7495
2009-11-09,7.7498
2009-11-10,7.7495
2009-11-11,.
2009-11-12,7.7495
2009-11-13,7.7500
2009-11-16,7.7500
2009-11-17,7.7495
2009-11-18,7.7500
2009-11-19,7.7495
2009-11-20,7.7497
2009-11-23,7.7500
2009-11-24,7.7495
2009-11-25,7.7495
2009-11-26,.
2009-11-27,7.7498
2009-11-30,7.7500
2009-12-01,7.7495
2009-12-02,7.7495
2009-12-03,7.7500
2009-12-04,7.7495
2009-12-07,7.7499
2009-12-08,7.7504
2009-12-09,7.7505
2009-12-10,7.7501
2009-12-11,7.7499
2009-12-14,7.7514
2009-12-15,7.7534
2009-12-16,7.7526
2009-12-17,7.7559
2009-12-18,7.7572
2009-12-21,7.7563
2009-12-22,7.7530
2009-12-23,7.7535
2009-12-24,7.7556
2009-12-25,.
2009-12-28,7.7560
2009-12-29,7.7546
2009-12-30,7.7548
2009-12-31,7.7536
2010-01-01,.
2010-01-04,7.7555
2010-01-05,7.7564
2010-01-06,7.7546
2010-01-07,7.7539
2010-01-08,7.7553
2010-01-11,7.7550
2010-01-12,7.7552
2010-01-13,7.7564
2010-01-14,7.7578
2010-01-15,7.7594
2010-01-18,.
2010-01-19,7.7626
2010-01-20,7.7684
2010-01-21,7.7703
2010-01-22,7.7713
2010-01-25,7.7679
2010-01-26,7.7742
2010-01-27,7.7752
2010-01-28,7.7691
2010-01-29,7.7665
2010-02-01,7.7665
2010-02-02,7.7675
2010-02-03,7.7658
2010-02-04,7.7670
2010-02-05,7.7703
2010-02-08,7.7701
2010-02-09,7.7702
2010-02-10,7.7716
2010-02-11,7.7683
2010-02-12,7.7699
2010-02-15,.
2010-02-16,7.7706
2010-02-17,7.7671
2010-02-18,7.7656
2010-02-19,7.7658
2010-02-22,7.7629
2010-02-23,7.7621
2010-02-24,7.7657
2010-02-25,7.7640
2010-02-26,7.7619
2010-03-01,7.7647
2010-03-02,7.7623
2010-03-03,7.7621
2010-03-04,7.7632
2010-03-05,7.7634
2010-03-08,7.7578
2010-03-09,7.7597
2010-03-10,7.7587
2010-03-11,7.7590
2010-03-12,7.7574
2010-03-15,7.7588
2010-03-16,7.7606
2010-03-17,7.7608
2010-03-18,7.7608
2010-03-19,7.7590
2010-03-22,7.7609
2010-03-23,7.7621
2010-03-24,7.7609
2010-03-25,7.7609
2010-03-26,7.7620
2010-03-29,7.7635
2010-03-30,7.7648
2010-03-31,7.7647
2010-04-01,7.7671
2010-04-02,7.7672
2010-04-05,7.7659
2010-04-06,7.7652
2010-04-07,7.7614
2010-04-08,7.7580
2010-04-09,7.7565
2010-04-12,7.7580
2010-04-13,7.7607
2010-04-14,7.7605
2010-04-15,7.7608
2010-04-16,7.7621
2010-04-19,7.7611
2010-04-20,7.7634
2010-04-21,7.7636
2010-04-22,7.7626
2010-04-23,7.7628
2010-04-26,7.7629
2010-04-27,7.7639
2010-04-28,7.7675
2010-04-29,7.7645
2010-04-30,7.7637
2010-05-03,7.7626
2010-05-04,7.7644
2010-05-05,7.7666
2010-05-06,7.7725
2010-05-07,7.7790
2010-05-10,7.7795
2010-05-11,7.7795
2010-05-12,7.7813
2010-05-13,7.7813
2010-05-14,7.7822
2010-05-17,7.8018
2010-05-18,7.7969
2010-05-19,7.7998
2010-05-20,7.8021
2010-05-21,7.8030
2010-05-24,7.8006
2010-05-25,7.8008
2010-05-26,7.7849
2010-05-27,7.7890
2010-05-28,7.7850
2010-05-31,.
2010-06-01,7.7912
2010-06-02,7.7935
2010-06-03,7.7906
2010-06-04,7.7919
2010-06-07,7.8018
2010-06-08,7.8040
2010-06-09,7.8013
2010-06-10,7.7903
2010-06-11,7.7935
2010-06-14,7.7920
2010-06-15,7.7917
2010-06-16,7.7909
2010-06-17,7.7859
2010-06-18,7.7823
2010-06-21,7.7690
2010-06-22,7.7778
2010-06-23,7.7767
2010-06-24,7.7789
2010-06-25,7.7785
2010-06-28,7.7838
2010-06-29,7.7837
2010-06-30,7.7865
2010-07-01,7.7953
2010-07-02,7.7962
2010-07-05,.
2010-07-06,7.7872
2010-07-07,7.7897
2010-07-08,7.7883
2010-07-09,7.7736
2010-07-12,7.7710
2010-07-13,7.7732
2010-07-14,7.7699
2010-07-15,7.7694
2010-07-16,7.7758
2010-07-19,7.7748
2010-07-20,7.7736
2010-07-21,7.7739
2010-07-22,7.7739
2010-07-23,7.7667
2010-07-26,7.7660
2010-07-27,7.7651
2010-07-28,7.7657
2010-07-29,7.7656
2010-07-30,7.7672
2010-08-02,7.7638
2010-08-03,7.7605
2010-08-04,7.7636
2010-08-05,7.7637
2010-08-06,7.7629
2010-08-09,7.7613
2010-08-10,7.7638
2010-08-11,7.7662
2010-08-12,7.7679
2010-08-13,7.7723
2010-08-16,7.7723
2010-08-17,7.7699
2010-08-18,7.7691
2010-08-19,7.7697
2010-08-20,7.7759
2010-08-23,7.7747
2010-08-24,7.7769
2010-08-25,7.7770
2010-08-26,7.7780
2010-08-27,7.7788
2010-08-30,7.7787
2010-08-31,7.7781
2010-09-01,7.7738
2010-09-02,7.7702
2010-09-03,7.7714
2010-09-06,.
2010-09-07,7.7679
2010-09-08,7.7692
2010-09-09,7.7691
2010-09-10,7.7660
2010-09-13,7.7666
2010-09-14,7.7657
2010-09-15,7.7667
2010-09-16,7.7668
2010-09-17,7.7646
2010-09-20,7.7634
2010-09-21,7.7617
2010-09-22,7.7581
2010-09-23,7.7591
2010-09-24,7.7561
2010-09-27,7.7579
2010-09-28,7.7578
2010-09-29,7.7574
2010-09-30,7.7599
2010-10-01,7.7573
2010-10-04,7.7579
2010-10-05,7.7558
2010-10-06,7.7552
2010-10-07,7.7527
2010-10-08,7.7567
2010-10-11,.
2010-10-12,7.7586
2010-10-13,7.7599
2010-10-14,7.7578
2010-10-15,7.7573
2010-10-18,7.7569
2010-10-19,7.7595
2010-10-20,7.7626
2010-10-21,7.7638
2010-10-22,7.7648
2010-10-25,7.7578
2010-10-26,7.7583
2010-10-27,7.7587
2010-10-28,7.7561
2010-10-29,7.7515
2010-11-01,7.7515
2010-11-02,7.7510
2010-11-03,7.7504
2010-11-04,7.7501
2010-11-05,7.7506
2010-11-08,7.7506
2010-11-09,7.7508
2010-11-10,7.7505
2010-11-11,.
2010-11-12,7.7511
2010-11-15,7.7523
2010-11-16,7.7543
2010-11-17,7.7559
2010-11-18,7.7527
2010-11-19,7.7536
2010-11-22,7.7540
2010-11-23,7.7588
2010-11-24,7.7593
2010-11-25,.
2010-11-26,7.7634
2010-11-29,7.7656
2010-11-30,7.7649
2010-12-01,7.7665
2010-12-02,7.7659
2010-12-03,7.7616
2010-12-06,7.7612
2010-12-07,7.7630
2010-12-08,7.7680
2010-12-09,7.7731
2010-12-10,7.7737
2010-12-13,7.7780
2010-12-14,7.7727
2010-12-15,7.7757
2010-12-16,7.7771
2010-12-17,7.7768
2010-12-20,7.7756
2010-12-21,7.7735
2010-12-22,7.7789
2010-12-23,7.7778
2010-12-24,.
2010-12-27,7.7833
2010-12-28,7.7803
2010-12-29,7.7821
2010-12-30,7.7810
2010-12-31,.
2011-01-03,7.7683
2011-01-04,7.7694
2011-01-05,7.7704
2011-01-06,7.7735
2011-01-07,7.7714
2011-01-10,7.7774
2011-01-11,7.7759
2011-01-12,7.7737
2011-01-13,7.7738
2011-01-14,7.7741
2011-01-17,.
2011-01-18,7.7773
2011-01-19,7.7775
2011-01-20,7.7858
2011-01-21,7.7891
2011-01-24,7.7978
2011-01-25,7.7922
2011-01-26,7.7859
2011-01-27,7.7876
2011-01-28,7.7927
2011-01-31,7.7926
2011-02-01,7.7913
2011-02-02,7.7862
2011-02-03,7.7859
2011-02-04,7.7863
2011-02-07,7.7841
2011-02-08,7.7823
2011-02-09,7.7848
2011-02-10,7.7899
2011-02-11,7.7945
2011-02-14,7.7952
2011-02-15,7.7941
2011-02-16,7.7898
2011-02-17,7.7872
2011-02-18,7.7844
2011-02-21,.
2011-02-22,7.7925
2011-02-23,7.7945
2011-02-24,7.7957
2011-02-25,7.7933
2011-02-28,7.7883
2011-03-01,7.7887
2011-03-02,7.7897
2011-03-03,7.7891
2011-03-04,7.7879
2011-03-07,7.7858
2011-03-08,7.7875
2011-03-09,7.7867
2011-03-10,7.7890
2011-03-11,7.7877
2011-03-14,7.7910
2011-03-15,7.7959
2011-03-16,7.7962
2011-03-17,7.8012
2011-03-18,7.7999
2011-03-21,7.7983
2011-03-22,7.7925
2011-03-23,7.7925
2011-03-24,7.7937
2011-03-25,7.7931
2011-03-28,7.7996
2011-03-29,7.7935
2011-03-30,7.7843
2011-03-31,7.7750
2011-04-01,7.7784
2011-04-04,7.7712
2011-04-05,7.7715
2011-04-06,7.7729
2011-04-07,7.7700
2011-04-08,7.7671
2011-04-11,7.7682
2011-04-12,7.7729
2011-04-13,7.7753
2011-04-14,7.7734
2011-04-15,7.7733
2011-04-18,7.7763
2011-04-19,7.7774
2011-04-20,7.7705
2011-04-21,7.7669
2011-04-22,7.7707
2011-04-25,7.7717
2011-04-26,7.7707
2011-04-27,7.7690
2011-04-28,7.7693
2011-04-29,7.7673
2011-05-02,7.7652
2011-05-03,7.7671
2011-05-04,7.7700
2011-05-05,7.7717
2011-05-06,7.7697
2011-05-09,7.7717
2011-05-10,7.7725
2011-05-11,7.7699
2011-05-12,7.7719
2011-05-13,7.7724
2011-05-16,7.7771
2011-05-17,7.7744
2011-05-18,7.7745
2011-05-19,7.7743
2011-05-20,7.7733
2011-05-23,7.7772
2011-05-24,7.7767
2011-05-25,7.7813
2011-05-26,7.7855
2011-05-27,7.7839
2011-05-30,.
2011-05-31,7.7777
2011-06-01,7.7767
2011-06-02,7.7797
2011-06-03,7.7771
2011-06-06,7.7790
2011-06-07,7.7787
2011-06-08,7.7814
2011-06-09,7.7826
2011-06-10,7.7826
2011-06-13,7.7851
2011-06-14,7.7841
2011-06-15,7.7895
2011-06-16,7.7976
2011-06-17,7.7921
2011-06-20,7.7929
2011-06-21,7.7899
2011-06-22,7.7891
2011-06-23,7.7906
2011-06-24,7.7874
2011-06-27,7.7873
2011-06-28,7.7843
2011-06-29,7.7819
2011-06-30,7.7814
2011-07-01,7.7802
2011-07-04,.
2011-07-05,7.7803
2011-07-06,7.7817
2011-07-07,7.7828
2011-07-08,7.7818
2011-07-11,7.7885
2011-07-12,7.7939
2011-07-13,7.7885
2011-07-14,7.7892
2011-07-15,7.7933
2011-07-18,7.7964
2011-07-19,7.7942
2011-07-20,7.7912
2011-07-21,7.7919
2011-07-22,7.7903
2011-07-25,7.7920
2011-07-26,7.7904
2011-07-27,7.7909
2011-07-28,7.7919
2011-07-29,7.7942
2011-08-01,7.7906
2011-08-02,7.7945
2011-08-03,7.7988
2011-08-04,7.8014
2011-08-05,7.8065
2011-08-08,7.8047
2011-08-09,7.8087
2011-08-10,7.8057
2011-08-11,7.7928
2011-08-12,7.7930
2011-08-15,7.7930
2011-08-16,7.7904
2011-08-17,7.7895
2011-08-18,7.7949
2011-08-19,7.7967
2011-08-22,7.7989
2011-08-23,7.7970
2011-08-24,7.7950
2011-08-25,7.7951
2011-08-26,7.7962
2011-08-29,7.7944
2011-08-30,7.7940
2011-08-31,7.7876
2011-09-01,7.7830
2011-09-02,7.7857
2011-09-05,.
2011-09-06,7.7948
2011-09-07,7.7939
2011-09-08,7.7932
2011-09-09,7.7934
2011-09-12,7.8001
2011-09-13,7.8040
2011-09-14,7.8036
2011-09-15,7.7900
2011-09-16,7.7942
2011-09-19,7.7978
2011-09-20,7.7913
2011-09-21,7.7888
2011-09-22,7.8011
2011-09-23,7.8015
2011-09-26,7.7993
2011-09-27,7.7959
2011-09-28,7.7940
2011-09-29,7.7908
2011-09-30,7.7840
2011-10-03,7.7884
2011-10-04,7.7845
2011-10-05,7.7833
2011-10-06,7.7815
2011-10-07,7.7817
2011-10-10,.
2011-10-11,7.7805
2011-10-12,7.7788
2011-10-13,7.7773
2011-10-14,7.7774
2011-10-17,7.7775
2011-10-18,7.7773
2011-10-19,7.7761
2011-10-20,7.7793
2011-10-21,7.7813
2011-10-24,7.7779
2011-10-25,7.7741
2011-10-26,7.7733
2011-10-27,7.7695
2011-10-28,7.7634
2011-10-31,7.7641
2011-11-01,7.7717
2011-11-02,7.7704
2011-11-03,7.7696
2011-11-04,7.7679
2011-11-07,7.7690
2011-11-08,7.7688
2011-11-09,7.7708
2011-11-10,7.7815
2011-11-11,.
2011-11-14,7.7813
2011-11-15,7.7819
2011-11-16,7.7835
2011-11-17,7.7850
2011-11-18,7.7880
2011-11-21,7.7889
2011-11-22,7.7907
2011-11-23,7.7940
2011-11-24,.
2011-11-25,7.7957
2011-11-28,7.7932
2011-11-29,7.7923
2011-11-30,7.7730
2011-12-01,7.7695
2011-12-02,7.7676
2011-12-05,7.7695
2011-12-06,7.7723
2011-12-07,7.7726
2011-12-08,7.7757
2011-12-09,7.7817
2011-12-12,7.7830
2011-12-13,7.7767
2011-12-14,7.7839
2011-12-15,7.7805
2011-12-16,7.7844
2011-12-19,7.7851
2011-12-20,7.7823
2011-12-21,7.7813
2011-12-22,7.7817
2011-12-23,7.7760
2011-12-26,.
2011-12-27,7.7764
2011-12-28,7.7726
2011-12-29,7.7725
2011-12-30,7.7663
2012-01-02,.
2012-01-03,7.7670
2012-01-04,7.7674
2012-01-05,7.7650
2012-01-06,7.7654
2012-01-09,7.7660
2012-01-10,7.7657
2012-01-11,7.7663
2012-01-12,7.7671
2012-01-13,7.7672
2012-01-16,.
2012-01-17,7.7652
2012-01-18,7.7608
2012-01-19,7.7596
2012-01-20,7.7608
2012-01-23,7.7596
2012-01-24,7.7598
2012-01-25,7.7603
2012-01-26,7.7562
2012-01-27,7.7538
2012-01-30,7.7557
2012-01-31,7.7555
2012-02-01,7.7552
2012-02-02,7.7551
2012-02-03,7.7539
2012-02-06,7.7540
2012-02-07,7.7534
2012-02-08,7.7533
2012-02-09,7.7559
2012-02-10,7.7549
2012-02-13,7.7535
2012-02-14,7.7544
2012-02-15,7.7532
2012-02-16,7.7538
2012-02-17,7.7535
2012-02-20,.
2012-02-21,7.7544
2012-02-22,7.7550
2012-02-23,7.7555
2012-02-24,7.7538
2012-02-27,7.7549
2012-02-28,7.7550
2012-02-29,7.7551
2012-03-01,7.7551
2012-03-02,7.7585
2012-03-05,7.7627
2012-03-06,7.7635
2012-03-07,7.7636
2012-03-08,7.7553
2012-03-09,7.7557
2012-03-12,7.7585
2012-03-13,7.7593
2012-03-14,7.7614
2012-03-15,7.7612
2012-03-16,7.7620
2012-03-19,7.7623
2012-03-20,7.7625
2012-03-21,7.7644
2012-03-22,7.7652
2012-03-23,7.7678
2012-03-26,7.7676
2012-03-27,7.7635
2012-03-28,7.7648
2012-03-29,7.7642
2012-03-30,7.7656
2012-04-02,7.7660
2012-04-03,7.7650
2012-04-04,7.7649
2012-04-05,7.7643
2012-04-06,7.7650
2012-04-09,7.7655
2012-04-10,7.7649
2012-04-11,7.7649
2012-04-12,7.7638
2012-04-13,7.7588
2012-04-16,7.7580
2012-04-17,7.7590
2012-04-18,7.7609
2012-04-19,7.7631
2012-04-20,7.7607
2012-04-23,7.7617
2012-04-24,7.7595
2012-04-25,7.7600
2012-04-26,7.7596
2012-04-27,7.7594
2012-04-30,7.7587
2012-05-01,7.7583
2012-05-02,7.7585
2012-05-03,7.7591
2012-05-04,7.7608
2012-05-07,7.7632
2012-05-08,7.7622
2012-05-09,7.7636
2012-05-10,7.7637
2012-05-11,7.7662
2012-05-14,7.7663
2012-05-15,7.7682
2012-05-16,7.7686
2012-05-17,7.7699
2012-05-18,7.7673
2012-05-21,7.7647
2012-05-22,7.7652
2012-05-23,7.7642
2012-05-24,7.7640
2012-05-25,7.7629
2012-05-28,.
2012-05-29,7.7638
2012-05-30,7.7667
2012-05-31,7.7616
2012-06-01,7.7603
2012-06-04,7.7583
2012-06-05,7.7588
2012-06-06,7.7578
2012-06-07,7.7582
2012-06-08,7.7582
2012-06-11,7.7599
2012-06-12,7.7593
2012-06-13,7.7590
2012-06-14,7.7592
2012-06-15,7.7584
2012-06-18,7.7585
2012-06-19,7.7591
2012-06-20,7.7590
2012-06-21,7.7605
2012-06-22,7.7610
2012-06-25,7.7604
2012-06-26,7.7590
2012-06-27,7.7584
2012-06-28,7.7590
2012-06-29,7.7572
2012-07-02,7.7578
2012-07-03,7.7540
2012-07-04,.
2012-07-05,7.7544
2012-07-06,7.7542
2012-07-09,7.7546
2012-07-10,7.7544
2012-07-11,7.7542
2012-07-12,7.7578
2012-07-13,7.7570
2012-07-16,7.7568
2012-07-17,7.7568
2012-07-18,7.7559
2012-07-19,7.7557
2012-07-20,7.7570
2012-07-23,7.7573
2012-07-24,7.7580
2012-07-25,7.7577
2012-07-26,7.7586
2012-07-27,7.7569
2012-07-30,7.7553
2012-07-31,7.7538
2012-08-01,7.7551
2012-08-02,7.7543
2012-08-03,7.7552
2012-08-06,7.7555
2012-08-07,7.7549
2012-08-08,7.7557
2012-08-09,7.7556
2012-08-10,7.7569
2012-08-13,7.7569
2012-08-14,7.7570
2012-08-15,7.7574
2012-08-16,7.7570
2012-08-17,7.7571
2012-08-20,7.7573
2012-08-21,7.7570
2012-08-22,7.7565
2012-08-23,7.7564
2012-08-24,7.7567
2012-08-27,7.7560
2012-08-28,7.7563
2012-08-29,7.7557
2012-08-30,7.7562
2012-08-31,7.7560
2012-09-03,.
2012-09-04,7.7564
2012-09-05,7.7569
2012-09-06,7.7568
2012-09-07,7.7556
2012-09-10,7.7551
2012-09-11,7.7546
2012-09-12,7.7548
2012-09-13,7.7545
2012-09-14,7.7510
2012-09-17,7.7517
2012-09-18,7.7523
2012-09-19,7.7529
2012-09-20,7.7532
2012-09-21,7.7527
2012-09-24,7.7530
2012-09-25,7.7533
2012-09-26,7.7540
2012-09-27,7.7537
2012-09-28,7.7540
2012-10-01,7.7543
2012-10-02,7.7545
2012-10-03,7.7549
2012-10-04,7.7546
2012-10-05,7.7521
2012-10-08,.
2012-10-09,7.7521
2012-10-10,7.7525
2012-10-11,7.7523
2012-10-12,7.7518
2012-10-15,7.7508
2012-10-16,7.7512
2012-10-17,7.7515
2012-10-18,7.7501
2012-10-19,7.7501
2012-10-22,7.7499
2012-10-23,7.7500
2012-10-24,7.7500
2012-10-25,7.7503
2012-10-26,7.7501
2012-10-29,7.7498
2012-10-30,7.7501
2012-10-31,7.7494
2012-11-01,7.7500
2012-11-02,7.7493
2012-11-05,7.7502
2012-11-06,7.7503
2012-11-07,7.7505
2012-11-08,7.7510
2012-11-09,7.7513
2012-11-12,.
2012-11-13,7.7503
2012-11-14,7.7505
2012-11-15,7.7518
2012-11-16,7.7517
2012-11-19,7.7517
2012-11-20,7.7501
2012-11-21,7.7504
2012-11-22,.
2012-11-23,7.7501
2012-11-26,7.7501
2012-11-27,7.7501
2012-11-28,7.7500
2012-11-29,7.7500
2012-11-30,7.7501
2012-12-03,7.7500
2012-12-04,7.7500
2012-12-05,7.7500
2012-12-06,7.7493
2012-12-07,7.7494
2012-12-10,7.7498
2012-12-11,7.7496
2012-12-12,7.7495
2012-12-13,7.7500
2012-12-14,7.7496
2012-12-17,7.7501
2012-12-18,7.7501
2012-12-19,7.7497
2012-12-20,7.7501
2012-12-21,7.7502
2012-12-24,7.7506
2012-12-25,.
2012-12-26,7.7503
2012-12-27,7.7515
2012-12-28,7.7518
2012-12-31,7.7507
2013-01-01,.
2013-01-02,7.7507
2013-01-03,7.7503
2013-01-04,7.7503
2013-01-07,7.7507
2013-01-08,7.7508
2013-01-09,7.7512
2013-01-10,7.7514
2013-01-11,7.7518
2013-01-14,7.7523
2013-01-15,7.7518
2013-01-16,7.7526
2013-01-17,7.7524
2013-01-18,7.7526
2013-01-21,.
2013-01-22,7.7532
2013-01-23,7.7530
2013-01-24,7.7530
2013-01-25,7.7535
2013-01-28,7.7581
2013-01-29,7.7585
2013-01-30,7.7585
2013-01-31,7.7560
2013-02-01,7.7562
2013-02-04,7.7531
2013-02-05,7.7546
2013-02-06,7.7543
2013-02-07,7.7553
2013-02-08,7.7550
2013-02-11,7.7552
2013-02-12,7.7548
2013-02-13,7.7557
2013-02-14,7.7542
2013-02-15,7.7542
2013-02-18,.
2013-02-19,7.7542
2013-02-20,7.7546
2013-02-21,7.7556
2013-02-22,7.7560
2013-02-25,7.7562
2013-02-26,7.7580
2013-02-27,7.7572
2013-02-28,7.7546
2013-03-01,7.7551
2013-03-04,7.7552
2013-03-05,7.7555
2013-03-06,7.7557
2013-03-07,7.7561
2013-03-08,7.7565
2013-03-11,7.7570
2013-03-12,7.7567
2013-03-13,7.7582
2013-03-14,7.7582
2013-03-15,7.7590
2013-03-18,7.7615
2013-03-19,7.7606
2013-03-20,7.7621
2013-03-21,7.7622
2013-03-22,7.7627
2013-03-25,7.7615
2013-03-26,7.7592
2013-03-27,7.7640
2013-03-28,7.7625
2013-03-29,7.7629
2013-04-01,7.7635
2013-04-02,7.7625
2013-04-03,7.7618
2013-04-04,7.7636
2013-04-05,7.7652
2013-04-08,7.7643
2013-04-09,7.7641
2013-04-10,7.7624
2013-04-11,7.7615
2013-04-12,7.7615
2013-04-15,7.7622
2013-04-16,7.7625
2013-04-17,7.7628
2013-04-18,7.7636
2013-04-19,7.7637
2013-04-22,7.7638
2013-04-23,7.7644
2013-04-24,7.7644
2013-04-25,7.7645
2013-04-26,7.7635
2013-04-29,7.7610
2013-04-30,7.7606
2013-05-01,7.7603
2013-05-02,7.7587
2013-05-03,7.7591
2013-05-06,7.7594
2013-05-07,7.7606
2013-05-08,7.7595
2013-05-09,7.7590
2013-05-10,7.7606
2013-05-13,7.7616
2013-05-14,7.7613
2013-05-15,7.7617
2013-05-16,7.7638
2013-05-17,7.7627
2013-05-20,7.7617
2013-05-21,7.7607
2013-05-22,7.7613
2013-05-23,7.7625
2013-05-24,7.7635
2013-05-27,.
2013-05-28,7.7636
2013-05-29,7.7637
2013-05-30,7.7639
2013-05-31,7.7625
2013-06-03,7.7626
2013-06-04,7.7612
2013-06-05,7.7610
2013-06-06,7.7617
2013-06-07,7.7629
2013-06-10,7.7640
2013-06-11,7.7646
2013-06-12,7.7654
2013-06-13,7.7638
2013-06-14,7.7612
2013-06-17,7.7598
2013-06-18,7.7583
2013-06-19,7.7564
2013-06-20,7.7534
2013-06-21,7.7583
2013-06-24,7.7581
2013-06-25,7.7580
2013-06-26,7.7584
2013-06-27,7.7579
2013-06-28,7.7560
2013-07-01,7.7554
2013-07-02,7.7535
2013-07-03,7.7545
2013-07-04,.
2013-07-05,7.7547
2013-07-08,7.7562
2013-07-09,7.7562
2013-07-10,7.7569
2013-07-11,7.7572
2013-07-12,7.7581
2013-07-15,7.7587
2013-07-16,7.7572
2013-07-17,7.7576
2013-07-18,7.7575
2013-07-19,7.7577
2013-07-22,7.7579
2013-07-23,7.7576
2013-07-24,7.7575
2013-07-25,7.7577
2013-07-26,7.7571
2013-07-29,7.7574
2013-07-30,7.7549
2013-07-31,7.7558
2013-08-01,7.7559
2013-08-02,7.7557
2013-08-05,7.7564
2013-08-06,7.7561
2013-08-07,7.7564
2013-08-08,7.7562
2013-08-09,7.7556
2013-08-12,7.7556
2013-08-13,7.7550
2013-08-14,7.7552
2013-08-15,7.7548
2013-08-16,7.7542
2013-08-19,7.7546
2013-08-20,7.7537
2013-08-21,7.7545
2013-08-22,7.7554
2013-08-23,7.7551
2013-08-26,7.7554
2013-08-27,7.7562
2013-08-28,7.7551
2013-08-29,7.7550
2013-08-30,7.7544
2013-09-02,.
2013-09-03,7.7547
2013-09-04,7.7554
2013-09-05,7.7557
2013-09-06,7.7554
2013-09-09,7.7550
2013-09-10,7.7547
2013-09-11,7.7545
2013-09-12,7.7540
2013-09-13,7.7544
2013-09-16,7.7536
2013-09-17,7.7538
2013-09-18,7.7539
2013-09-19,7.7535
2013-09-20,7.7533
2013-09-23,7.7533
2013-09-24,7.7536
2013-09-25,7.7537
2013-09-26,7.7542
2013-09-27,7.7539
2013-09-30,7.7551
2013-10-01,7.7535
2013-10-02,7.7545
2013-10-03,7.7542
2013-10-04,7.7541
2013-10-07,7.7542
2013-10-08,7.7542
2013-10-09,7.7544
2013-10-10,7.7543
2013-10-11,7.7541
2013-10-14,.
2013-10-15,7.7538
2013-10-16,7.7543
2013-10-17,7.7540
2013-10-18,7.7532
2013-10-21,7.7525
2013-10-22,7.7524
2013-10-23,7.7525
2013-10-24,7.7531
2013-10-25,7.7528
2013-10-28,7.7533
2013-10-29,7.7535
2013-10-30,7.7535
2013-10-31,7.7530
2013-11-01,7.7524
2013-11-04,7.7518
2013-11-05,7.7516
2013-11-06,7.7512
2013-11-07,7.7516
2013-11-08,7.7515
2013-11-11,.
2013-11-12,7.7527
2013-11-13,7.7528
2013-11-14,7.7535
2013-11-15,7.7535
2013-11-18,7.7521
2013-11-19,7.7514
2013-11-20,7.7515
2013-11-21,7.7525
2013-11-22,7.7531
2013-11-25,7.7525
2013-11-26,7.7521
2013-11-27,7.7528
2013-11-28,.
2013-11-29,7.7526
2013-12-02,7.7517
2013-12-03,7.7522
2013-12-04,7.7528
2013-12-05,7.7538
2013-12-06,7.7542
2013-12-09,7.7532
2013-12-10,7.7532
2013-12-11,7.7543
2013-12-12,7.7533
2013-12-13,7.7534
2013-12-16,7.7533
2013-12-17,7.7525
2013-12-18,7.7522
2013-12-19,7.7534
2013-12-20,7.7539
2013-12-23,7.7535
2013-12-24,7.7545
2013-12-25,.
2013-12-26,7.7550
2013-12-27,7.7548
2013-12-30,7.7542
2013-12-31,7.7539
2014-01-01,.
2014-01-02,7.7534
2014-01-03,7.7537
2014-01-06,7.7542
2014-01-07,7.7542
2014-01-08,7.7543
2014-01-09,7.7541
2014-01-10,7.7542
2014-01-13,7.7543
2014-01-14,7.7536
2014-01-15,7.7543
2014-01-16,7.7546
2014-01-17,7.7561
2014-01-20,.
2014-01-21,7.7568
2014-01-22,7.7581
2014-01-23,7.7584
2014-01-24,7.7640
2014-01-27,7.7659
2014-01-28,7.7643
2014-01-29,7.7642
2014-01-30,7.7663
2014-01-31,7.7642
2014-02-03,7.7645
2014-02-04,7.7645
2014-02-05,7.7621
2014-02-06,7.7589
2014-02-07,7.7586
2014-02-10,7.7569
2014-02-11,7.7560
2014-02-12,7.7563
2014-02-13,7.7554
2014-02-14,7.7547
2014-02-17,.
2014-02-18,7.7550
2014-02-19,7.7551
2014-02-20,7.7555
2014-02-21,7.7558
2014-02-24,7.7591
2014-02-25,7.7614
2014-02-26,7.7601
2014-02-27,7.7609
2014-02-28,7.7608
2014-03-03,7.7600
2014-03-04,7.7600
2014-03-05,7.7606
2014-03-06,7.7608
2014-03-07,7.7605
2014-03-10,7.7613
2014-03-11,7.7618
2014-03-12,7.7657
2014-03-13,7.7644
2014-03-14,7.7661
2014-03-17,7.7657
2014-03-18,7.7669
2014-03-19,7.7651
2014-03-20,7.7644
2014-03-21,7.7589
2014-03-24,7.7575
2014-03-25,7.7563
2014-03-26,7.7583
2014-03-27,7.7578
2014-03-28,7.7573
2014-03-31,7.7567
2014-04-01,7.7568
2014-04-02,7.7561
2014-04-03,7.7568
2014-04-04,7.7566
2014-04-07,7.7548
2014-04-08,7.7544
2014-04-09,7.7533
2014-04-10,7.7527
2014-04-11,7.7525
2014-04-14,7.7533
2014-04-15,7.7539
2014-04-16,7.7546
2014-04-17,7.7542
2014-04-18,7.7539
2014-04-21,7.7535
2014-04-22,7.7517
2014-04-23,7.7529
2014-04-24,7.7531
2014-04-25,7.7533
2014-04-28,7.7532
2014-04-29,7.7535
2014-04-30,7.7527
2014-05-01,7.7528
2014-05-02,7.7530
2014-05-05,7.7522
2014-05-06,7.7519
2014-05-07,7.7519
2014-05-08,7.7516
2014-05-09,7.7514
2014-05-12,7.7517
2014-05-13,7.7518
2014-05-14,7.7517
2014-05-15,7.7518
2014-05-16,7.7520
2014-05-19,7.7519
2014-05-20,7.7524
2014-05-21,7.7527
2014-05-22,7.7535
2014-05-23,7.7532
2014-05-26,.
2014-05-27,7.7531
2014-05-28,7.7527
2014-05-29,7.7527
2014-05-30,7.7523
2014-06-02,7.7537
2014-06-03,7.7527
2014-06-04,7.7527
2014-06-05,7.7525
2014-06-06,7.7524
2014-06-09,7.7511
2014-06-10,7.7514
2014-06-11,7.7516
2014-06-12,7.7511
2014-06-13,7.7515
2014-06-16,7.7510
2014-06-17,7.7514
2014-06-18,7.7513
2014-06-19,7.7504
2014-06-20,7.7514
2014-06-23,7.7507
2014-06-24,7.7516
2014-06-25,7.7515
2014-06-26,7.7515
2014-06-27,7.7517
2014-06-30,7.7502
2014-07-01,7.7500
2014-07-02,7.7501
2014-07-03,7.7508
2014-07-04,.
2014-07-07,7.7497
2014-07-08,7.7495
2014-07-09,7.7500
2014-07-10,7.7500
2014-07-11,7.7496
2014-07-14,7.7498
2014-07-15,7.7500
2014-07-16,7.7501
2014-07-17,7.7507
2014-07-18,7.7512
2014-07-21,7.7517
2014-07-22,7.7510
2014-07-23,7.7506
2014-07-24,7.7501
2014-07-25,7.7500
2014-07-28,7.7496
2014-07-29,7.7500
2014-07-30,7.7498
2014-07-31,7.7497
2014-08-01,7.7496
2014-08-04,7.7500
2014-08-05,7.7496
2014-08-06,7.7501
2014-08-07,7.7511
2014-08-08,7.7513
2014-08-11,7.7514
2014-08-12,7.7511
2014-08-13,7.7508
2014-08-14,7.7503
2014-08-15,7.7500
2014-08-18,7.7506
2014-08-19,7.7503
2014-08-20,7.7506
2014-08-21,7.7500
2014-08-22,7.7500
2014-08-25,7.7501
2014-08-26,7.7505
2014-08-27,7.7501
2014-08-28,7.7500
2014-08-29,7.7501
2014-09-01,.
2014-09-02,7.7502
2014-09-03,7.7502
2014-09-04,7.7502
2014-09-05,7.7500
2014-09-08,7.7504
2014-09-09,7.7502
2014-09-10,7.7503
2014-09-11,7.7505
2014-09-12,7.7505
2014-09-15,7.7507
2014-09-16,7.7510
2014-09-17,7.7511
2014-09-18,7.7511
2014-09-19,7.7512
2014-09-22,7.7513
2014-09-23,7.7511
2014-09-24,7.7519
2014-09-25,7.7538
2014-09-26,7.7581
2014-09-29,7.7650
2014-09-30,7.7648
2014-10-01,7.7645
2014-10-02,7.7622
2014-10-03,7.7563
2014-10-06,7.7550
2014-10-07,7.7541
2014-10-08,7.7568
2014-10-09,7.7560
2014-10-10,7.7595
2014-10-13,.
2014-10-14,7.7564
2014-10-15,7.7570
2014-10-16,7.7575
2014-10-17,7.7588
2014-10-20,7.7577
2014-10-21,7.7565
2014-10-22,7.7567
2014-10-23,7.7575
2014-10-24,7.7565
2014-10-27,7.7572
2014-10-28,7.7573
2014-10-29,7.7548
2014-10-30,7.7553
2014-10-31,7.7551
2014-11-03,7.7545
2014-11-04,7.7522
2014-11-05,7.7519
2014-11-06,7.7522
2014-11-07,7.7523
2014-11-10,7.7542
2014-11-11,.
2014-11-12,7.7546
2014-11-13,7.7546
2014-11-14,7.7540
2014-11-17,7.7548
2014-11-18,7.7547
2014-11-19,7.7550
2014-11-20,7.7557
2014-11-21,7.7572
2014-11-24,7.7562
2014-11-25,7.7546
2014-11-26,7.7534
2014-11-27,.
2014-11-28,7.7548
2014-12-01,7.7540
2014-12-02,7.7545
2014-12-03,7.7523
2014-12-04,7.7515
2014-12-05,7.7510
2014-12-08,7.7510
2014-12-09,7.7534
2014-12-10,7.7510
2014-12-11,7.7509
2014-12-12,7.7519
2014-12-15,7.7524
2014-12-16,7.7538
2014-12-17,7.7551
2014-12-18,7.7555
2014-12-19,7.7538
2014-12-22,7.7561
2014-12-23,7.7572
2014-12-24,7.7616
2014-12-25,.
2014-12-26,.
2014-12-29,7.7577
2014-12-30,7.7576
2014-12-31,7.7531
2015-01-01,.
2015-01-02,7.7563
2015-01-05,7.7557
2015-01-06,7.7532
2015-01-07,7.7548
2015-01-08,7.7553
2015-01-09,7.7530
2015-01-12,7.7528
2015-01-13,7.7526
2015-01-14,7.7544
2015-01-15,7.7534
2015-01-16,7.7539
2015-01-19,.
2015-01-20,7.7519
2015-01-21,7.7508
2015-01-22,7.7521
2015-01-23,7.7511
2015-01-26,7.7522
2015-01-27,7.7518
2015-01-28,7.7523
2015-01-29,7.7516
2015-01-30,7.7529
2015-02-02,7.7530
2015-02-03,7.7535
2015-02-04,7.7517
2015-02-05,7.7518
2015-02-06,7.7524
2015-02-09,7.7533
2015-02-10,7.7541
2015-02-11,7.7546
2015-02-12,7.7552
2015-02-13,7.7553
2015-02-16,.
2015-02-17,7.7584
2015-02-18,7.7584
2015-02-19,7.7573
2015-02-20,7.7577
2015-02-23,7.7568
2015-02-24,7.7557
2015-02-25,7.7565
2015-02-26,7.7550
2015-02-27,7.7559
2015-03-02,7.7545
2015-03-03,7.7537
2015-03-04,7.7544
2015-03-05,7.7560
2015-03-06,7.7565
2015-03-09,7.7600
2015-03-10,7.7601
2015-03-11,7.7647
2015-03-12,7.7685
2015-03-13,7.7686
2015-03-16,7.7654
2015-03-17,7.7632
2015-03-18,7.7580
2015-03-19,7.7596
2015-03-20,7.7592
2015-03-23,7.7551
2015-03-24,7.7561
2015-03-25,7.7554
2015-03-26,7.7544
2015-03-27,7.7534
2015-03-30,7.7549
2015-03-31,7.7540
2015-04-01,7.7524
2015-04-02,7.7525
2015-04-03,7.7516
2015-04-06,7.7525
2015-04-07,7.7515
2015-04-08,7.7503
2015-04-09,7.7499
2015-04-10,7.7499
2015-04-13,7.7500
2015-04-14,7.7518
2015-04-15,7.7521
2015-04-16,7.7516
2015-04-17,7.7510
2015-04-20,7.7500
2015-04-21,7.7501
2015-04-22,7.7500
2015-04-23,7.7495
2015-04-24,7.7499
2015-04-27,7.7499
2015-04-28,7.7505
2015-04-29,7.7504
2015-04-30,7.7513
2015-05-01,7.7509
2015-05-04,7.7530
2015-05-05,7.7518
2015-05-06,7.7518
2015-05-07,7.7539
2015-05-08,7.7536
2015-05-11,7.7535
2015-05-12,7.7528
2015-05-13,7.7517
2015-05-14,7.7505
2015-05-15,7.7505
2015-05-18,7.7520
2015-05-19,7.7519
2015-05-20,7.7521
2015-05-21,7.7534
2015-05-22,7.7517
2015-05-25,.
2015-05-26,7.7523
2015-05-27,7.7594
2015-05-28,7.7535
2015-05-29,7.7535
2015-06-01,7.7567
2015-06-02,7.7566
2015-06-03,7.7530
2015-06-04,7.7522
2015-06-05,7.7531
2015-06-08,7.7518
2015-06-09,7.7533
2015-06-10,7.7524
2015-06-11,7.7523
2015-06-12,7.7530
2015-06-15,7.7523
2015-06-16,7.7519
2015-06-17,7.7525
2015-06-18,7.7526
2015-06-19,7.7515
2015-06-22,7.7517
2015-06-23,7.7527
2015-06-24,7.7529
2015-06-25,7.7518
2015-06-26,7.7523
2015-06-29,7.7526
2015-06-30,7.7513
2015-07-01,7.7524
2015-07-02,7.7512
2015-07-03,.
2015-07-06,7.7528
2015-07-07,7.7553
2015-07-08,7.7519
2015-07-09,7.7511
2015-07-10,7.7510
2015-07-13,7.7523
2015-07-14,7.7511
2015-07-15,7.7502
2015-07-16,7.7506
2015-07-17,7.7504
2015-07-20,7.7508
2015-07-21,7.7508
2015-07-22,7.7503
2015-07-23,7.7508
2015-07-24,7.7513
2015-07-27,7.7507
2015-07-28,7.7511
2015-07-29,7.7513
2015-07-30,7.7523
2015-07-31,7.7514
2015-08-03,7.7531
2015-08-04,7.7535
2015-08-05,7.7519
2015-08-06,7.7505
2015-08-07,7.7525
2015-08-10,7.7529
2015-08-11,7.7627
2015-08-12,7.7555
2015-08-13,7.7550
2015-08-14,7.7554
2015-08-17,7.7547
2015-08-18,7.7541
2015-08-19,7.7527
2015-08-20,7.7525
2015-08-21,7.7508
2015-08-24,7.7537
2015-08-25,7.7510
2015-08-26,7.7512
2015-08-27,7.7496
2015-08-28,7.7499
2015-08-31,7.7500
2015-09-01,7.7500
2015-09-02,7.7500
2015-09-03,7.7504
2015-09-04,7.7499
2015-09-07,.
2015-09-08,7.7505
2015-09-09,7.7511
2015-09-10,7.7499
2015-09-11,7.7500
2015-09-14,7.7500
2015-09-15,7.7501
2015-09-16,7.7500
2015-09-17,7.7500
2015-09-18,7.7499
2015-09-21,7.7502
2015-09-22,7.7495
2015-09-23,7.7500
2015-09-24,7.7502
2015-09-25,7.7504
2015-09-28,7.7501
2015-09-29,7.7500
2015-09-30,7.7499
2015-10-01,7.7500
2015-10-02,7.7501
2015-10-05,7.7500
2015-10-06,7.7500
2015-10-07,7.7498
2015-10-08,7.7500
2015-10-09,7.7498
2015-10-12,.
2015-10-13,7.7500
2015-10-14,7.7499
2015-10-15,7.7498
2015-10-16,7.7500
2015-10-19,7.7500
2015-10-20,7.7499
2015-10-21,7.7503
2015-10-22,7.7498
2015-10-23,7.7500
2015-10-26,7.7495
2015-10-27,7.7499
2015-10-28,7.7495
2015-10-29,7.7496
2015-10-30,7.7496
2015-11-02,7.7499
2015-11-03,7.7500
2015-11-04,7.7502
2015-11-05,7.7507
2015-11-06,7.7512
2015-11-09,7.7518
2015-11-10,7.7510
2015-11-11,.
2015-11-12,7.7498
2015-11-13,7.7509
2015-11-16,7.7516
2015-11-17,7.7500
2015-11-18,7.7502
2015-11-19,7.7498
2015-11-20,7.7500
2015-11-23,7.7502
2015-11-24,7.7500
2015-11-25,7.7504
2015-11-26,.
2015-11-27,7.7507
2015-11-30,7.7526
2015-12-01,7.7518
2015-12-02,7.7504
2015-12-03,7.7498
2015-12-04,7.7500
2015-12-07,7.7500
2015-12-08,7.7503
2015-12-09,7.7501
2015-12-10,7.7499
2015-12-11,7.7504
2015-12-14,7.7506
2015-12-15,7.7504
2015-12-16,7.7501
2015-12-17,7.7526
2015-12-18,7.7527
2015-12-21,7.7524
2015-12-22,7.7518
2015-12-23,7.7498
2015-12-24,7.7513
2015-12-25,.
2015-12-28,7.7508
2015-12-29,7.7496
2015-12-30,7.7506
2015-12-31,7.7507
2016-01-01,.
2016-01-04,7.7505
2016-01-05,7.7517
2016-01-06,7.7523
2016-01-07,7.7541
2016-01-08,7.7636
2016-01-11,7.7596
2016-01-12,7.7617
2016-01-13,7.7594
2016-01-14,7.7854
2016-01-15,7.7962
2016-01-18,.
2016-01-19,7.8173
2016-01-20,7.8270
2016-01-21,7.8144
2016-01-22,7.7922
2016-01-25,7.7881
2016-01-26,7.7932
2016-01-27,7.7942
2016-01-28,7.7939
2016-01-29,7.7876
2016-02-01,7.7739
2016-02-02,7.7924
2016-02-03,7.7969
2016-02-04,7.7872
2016-02-05,7.7929
2016-02-08,7.7911
2016-02-09,7.7955
2016-02-10,7.7909
2016-02-11,7.7924
2016-02-12,7.7890
2016-02-15,.
2016-02-16,7.7893
2016-02-17,7.7858
2016-02-18,7.7790
2016-02-19,7.7720
2016-02-22,7.7714
2016-02-23,7.7700
2016-02-24,7.7702
2016-02-25,7.7703
2016-02-26,7.7724
2016-02-29,7.7763
2016-03-01,7.7709
2016-03-02,7.7745
2016-03-03,7.7707
2016-03-04,7.7647
2016-03-07,7.7641
2016-03-08,7.7675
2016-03-09,7.7648
2016-03-10,7.7639
2016-03-11,7.7574
2016-03-14,7.7578
2016-03-15,7.7600
2016-03-16,7.7621
2016-03-17,7.7560
2016-03-18,7.7533
2016-03-21,7.7528
2016-03-22,7.7532
2016-03-23,7.7537
2016-03-24,7.7601
2016-03-25,7.7577
2016-03-28,7.7576
2016-03-29,7.7566
2016-03-30,7.7531
2016-03-31,7.7563
2016-04-01,7.7537
2016-04-04,7.7542
2016-04-05,7.7564
2016-04-06,7.7555
2016-04-07,7.7569
2016-04-08,7.7561
2016-04-11,7.7540
2016-04-12,7.7545
2016-04-13,7.7556
2016-04-14,7.7562
2016-04-15,7.7547
2016-04-18,7.7549
2016-04-19,7.7551
2016-04-20,7.7558
2016-04-21,7.7568
2016-04-22,7.7564
2016-04-25,7.7559
2016-04-26,7.7553
2016-04-27,7.7561
2016-04-28,7.7569
2016-04-29,7.7570
2016-05-02,7.7591
2016-05-03,7.7617
2016-05-04,7.7608
2016-05-05,7.7618
2016-05-06,7.7605
2016-05-09,7.7626
2016-05-10,7.7610
2016-05-11,7.7599
2016-05-12,7.7582
2016-05-13,7.7620
2016-05-16,7.7624
2016-05-17,7.7624
2016-05-18,7.7642
2016-05-19,7.7685
2016-05-20,7.7677
2016-05-23,7.7672
2016-05-24,7.7669
2016-05-25,7.7658
2016-05-26,7.7650
2016-05-27,7.7663
2016-05-30,.
2016-05-31,7.7689
2016-06-01,7.7709
2016-06-02,7.7706
2016-06-03,7.7683
2016-06-06,7.7668
2016-06-07,7.7664
2016-06-08,7.7620
2016-06-09,7.7619
2016-06-10,7.7628
2016-06-13,7.7621
2016-06-14,7.7604
2016-06-15,7.7601
2016-06-16,7.7609
2016-06-17,7.7613
2016-06-20,7.7605
2016-06-21,7.7585
2016-06-22,7.7579
2016-06-23,7.7568
2016-06-24,7.7587
2016-06-27,7.7605
2016-06-28,7.7588
2016-06-29,7.7587
2016-06-30,7.7591
2016-07-01,7.7581
2016-07-04,.
2016-07-05,7.7587
2016-07-06,7.7583
2016-07-07,7.7582
2016-07-08,7.7581
2016-07-11,7.7573
2016-07-12,7.7584
2016-07-13,7.7557
2016-07-14,7.7540
2016-07-15,7.7543
2016-07-18,7.7550
2016-07-19,7.7557
2016-07-20,7.7552
2016-07-21,7.7561
2016-07-22,7.7568
2016-07-25,7.7562
2016-07-26,7.7572
2016-07-27,7.7567
2016-07-28,7.7563
2016-07-29,7.7588
2016-08-01,7.7609
2016-08-02,7.7605
2016-08-03,7.7580
2016-08-04,7.7566
2016-08-05,7.7551
2016-08-08,7.7570
2016-08-09,7.7565
2016-08-10,7.7562
2016-08-11,7.7562
2016-08-12,7.7565
2016-08-15,7.7565
2016-08-16,7.7549
2016-08-17,7.7549
2016-08-18,7.7528
2016-08-19,7.7530
2016-08-22,7.7530
2016-08-23,7.7531
2016-08-24,7.7543
2016-08-25,7.7552
2016-08-26,7.7561
2016-08-29,7.7552
2016-08-30,7.7578
2016-08-31,7.7568
2016-09-01,7.7570
2016-09-02,7.7555
2016-09-05,.
2016-09-06,7.7549
2016-09-07,7.7553
2016-09-08,7.7565
2016-09-09,7.7570
2016-09-12,7.7579
2016-09-13,7.7584
2016-09-14,7.7582
2016-09-15,7.7580
2016-09-16,7.7585
2016-09-19,7.7578
2016-09-20,7.7574
2016-09-21,7.7559
2016-09-22,7.7556
2016-09-23,7.7565
2016-09-26,7.7556
2016-09-27,7.7542
2016-09-28,7.7534
2016-09-29,7.7552
2016-09-30,7.7555
2016-10-03,7.7557
2016-10-04,7.7563
2016-10-05,7.7572
2016-10-06,7.7575
2016-10-07,7.7583
2016-10-10,.
2016-10-11,7.7600
2016-10-12,7.7571
2016-10-13,7.7562
2016-10-14,7.7587
2016-10-17,7.7591
2016-10-18,7.7586
2016-10-19,7.7574
2016-10-20,7.7577
2016-10-21,7.7576
2016-10-24,7.7576
2016-10-25,7.7569
2016-10-26,7.7560
2016-10-27,7.7545
2016-10-28,7.7536
2016-10-31,7.7549
2016-11-01,7.7546
2016-11-02,7.7552
2016-11-03,7.7547
2016-11-04,7.7559
2016-11-07,7.7561
2016-11-08,7.7550
2016-11-09,7.7552
2016-11-10,7.7562
2016-11-11,.
2016-11-14,7.7581
2016-11-15,7.7575
2016-11-16,7.7575
2016-11-17,7.7568
2016-11-18,7.7572
2016-11-21,7.7555
2016-11-22,7.7557
2016-11-23,7.7561
2016-11-24,.
2016-11-25,7.7553
2016-11-28,7.7555
2016-11-29,7.7562
2016-11-30,7.7566
2016-12-01,7.7563
2016-12-02,7.7547
2016-12-05,7.7555
2016-12-06,7.7552
2016-12-07,7.7560
2016-12-08,7.7557
2016-12-09,7.7586
2016-12-12,7.7577
2016-12-13,7.7562
2016-12-14,7.7559
2016-12-15,7.7602
2016-12-16,7.7659
2016-12-19,7.7674
2016-12-20,7.7658
2016-12-21,7.7633
2016-12-22,7.7619
2016-12-23,7.7587
2016-12-26,.
2016-12-27,7.7596
2016-12-28,7.7575
2016-12-29,7.7549
2016-12-30,7.7534
2017-01-02,.
2017-01-03,7.7561
2017-01-04,7.7544
2017-01-05,7.7540
2017-01-06,7.7547
2017-01-09,7.7556
2017-01-10,7.7542
2017-01-11,7.7554
2017-01-12,7.7541
2017-01-13,7.7548
2017-01-16,.
2017-01-17,7.7559
2017-01-18,7.7563
2017-01-19,7.7568
2017-01-20,.
2017-01-23,7.7559
2017-01-24,7.7567
2017-01-25,7.7572
2017-01-26,7.7576
2017-01-27,7.7580
2017-01-30,7.7575
2017-01-31,7.7579
2017-02-01,7.7593
2017-02-02,7.7594
2017-02-03,7.7582
2017-02-06,7.7579
2017-02-07,7.7586
2017-02-08,7.7588
2017-02-09,7.7575
2017-02-10,7.7588
2017-02-13,7.7592
2017-02-14,7.7595
2017-02-15,7.7604
2017-02-16,7.7598
2017-02-17,7.7610
2017-02-20,.
2017-02-21,7.7605
2017-02-22,7.7599
2017-02-23,7.7595
2017-02-24,7.7609
2017-02-27,7.7611
2017-02-28,7.7627
2017-03-01,7.7632
2017-03-02,7.7623
2017-03-03,7.7635
2017-03-06,7.7634
2017-03-07,7.7643
2017-03-08,7.7675
2017-03-09,7.7648
2017-03-10,7.7650
2017-03-13,7.7638
2017-03-14,7.7680
2017-03-15,7.7689
2017-03-16,7.7611
2017-03-17,7.7614
2017-03-20,7.7651
2017-03-21,7.7657
2017-03-22,7.7664
2017-03-23,7.7668
2017-03-24,7.7669
2017-03-27,7.7672
2017-03-28,7.7668
2017-03-29,7.7688
2017-03-30,7.7702
2017-03-31,7.7714
2017-04-03,7.7708
2017-04-04,7.7707
2017-04-05,7.7687
2017-04-06,7.7690
2017-04-07,7.7691
2017-04-10,7.7697
2017-04-11,7.7707
2017-04-12,7.7708
2017-04-13,7.7737
2017-04-14,7.7726
2017-04-17,7.7722
2017-04-18,7.7743
2017-04-19,7.7741
2017-04-20,7.7746
2017-04-21,7.7757
2017-04-24,7.7795
2017-04-25,7.7796
2017-04-26,7.7806
2017-04-27,7.7801
2017-04-28,7.7779
2017-05-01,7.7775
2017-05-02,7.7810
2017-05-03,7.7810
2017-05-04,7.7815
2017-05-05,7.7839
2017-05-08,7.7840
2017-05-09,7.7831
2017-05-10,7.7864
2017-05-11,7.7896
2017-05-12,7.7933
2017-05-15,7.7884
2017-05-16,7.7873
2017-05-17,7.7867
2017-05-18,7.7825
2017-05-19,7.7835
2017-05-22,7.7850
2017-05-23,7.7876
2017-05-24,7.7888
2017-05-25,7.7916
2017-05-26,7.7923
2017-05-29,.
2017-05-30,7.7929
2017-05-31,7.7929
2017-06-01,7.7915
2017-06-02,7.7908
2017-06-05,7.7919
2017-06-06,7.7936
2017-06-07,7.7936
2017-06-08,7.7967
2017-06-09,7.7972
2017-06-12,7.8000
2017-06-13,7.7979
2017-06-14,7.7981
2017-06-15,7.8020
2017-06-16,7.8005
2017-06-19,7.8001
2017-06-20,7.8007
2017-06-21,7.8003
2017-06-22,7.7990
2017-06-23,7.7997
2017-06-26,7.7986
2017-06-27,7.7999
2017-06-28,7.8030
2017-06-29,7.8038
2017-06-30,7.8055
2017-07-03,7.8100
2017-07-04,.
2017-07-05,7.8072
2017-07-06,7.8120
2017-07-07,7.8116
2017-07-10,7.8128
2017-07-11,7.8123
2017-07-12,7.8105
2017-07-13,7.8081
2017-07-14,7.8069
2017-07-17,7.8034
2017-07-18,7.8045
2017-07-19,7.8083
2017-07-20,7.8101
2017-07-21,7.8091
2017-07-24,7.8068
2017-07-25,7.8082
2017-07-26,7.8122
2017-07-27,7.8090
2017-07-28,7.8096
2017-07-31,7.8100
2017-08-01,7.8121
2017-08-02,7.8169
2017-08-03,7.8172
2017-08-04,7.8190
2017-08-07,7.8223
2017-08-08,7.8234
2017-08-09,7.8173
2017-08-10,7.8163
2017-08-11,7.8191
2017-08-14,7.8211
2017-08-15,7.8237
2017-08-16,7.8217
2017-08-17,7.8232
2017-08-18,7.8233
2017-08-21,7.8252
2017-08-22,7.8263
2017-08-23,7.8259
2017-08-24,7.8239
2017-08-25,7.8215
2017-08-28,7.8229
2017-08-29,7.8244
2017-08-30,7.8254
2017-08-31,7.8267
2017-09-01,7.8241
2017-09-04,.
2017-09-05,7.8253
2017-09-06,7.8256
2017-09-07,7.8138
2017-09-08,7.8112
2017-09-11,7.8113
2017-09-12,7.8106
2017-09-13,7.8123
2017-09-14,7.8120
2017-09-15,7.8180
2017-09-18,7.8164
2017-09-19,7.8046
2017-09-20,7.7995
2017-09-21,7.8062
2017-09-22,7.8082
2017-09-25,7.8135
2017-09-26,7.8128
2017-09-27,7.8090
2017-09-28,7.8093
2017-09-29,7.8110
2017-10-02,7.8098
2017-10-03,7.8106
2017-10-04,7.8065
2017-10-05,7.8092
2017-10-06,7.8057
2017-10-09,.
2017-10-10,7.8037
2017-10-11,7.8056
2017-10-12,7.8085
2017-10-13,7.8073
2017-10-16,7.8070
2017-10-17,7.8077
2017-10-18,7.8070
2017-10-19,7.8006
2017-10-20,7.8027
2017-10-23,7.8037
2017-10-24,7.8042
2017-10-25,7.8035
2017-10-26,7.8026
2017-10-27,7.8044
2017-10-30,7.7996
2017-10-31,7.8015
2017-11-01,7.8012
2017-11-02,7.8025
2017-11-03,7.8023
2017-11-06,7.8029
2017-11-07,7.8042
2017-11-08,7.7955
2017-11-09,7.7997
2017-11-10,.
2017-11-13,7.8013
2017-11-14,7.8033
2017-11-15,7.8064
2017-11-16,7.8097
2017-11-17,7.8116
2017-11-20,7.8118
2017-11-21,7.8109
2017-11-22,7.8114
2017-11-23,.
2017-11-24,7.8087
2017-11-27,7.8011
2017-11-28,7.8020
2017-11-29,7.8083
2017-11-30,7.8093
2017-12-01,7.8118
2017-12-04,7.8174
2017-12-05,7.8144
2017-12-06,7.8130
2017-12-07,7.8107
2017-12-08,7.8050
2017-12-11,7.8063
2017-12-12,7.8069
2017-12-13,7.8050
2017-12-14,7.8074
2017-12-15,7.8138
2017-12-18,7.8165
2017-12-19,7.8176
2017-12-20,7.8228
2017-12-21,7.8187
2017-12-22,7.8137
2017-12-25,.
2017-12-26,7.8151
2017-12-27,7.8121
2017-12-28,7.8153
2017-12-29,7.8128
2018-01-01,.
2018-01-02,7.8161
2018-01-03,7.8165
2018-01-04,7.8179
2018-01-05,7.8186
2018-01-08,7.8212
2018-01-09,7.8202
2018-01-10,7.8219
2018-01-11,7.8224
2018-01-12,7.8228
2018-01-15,.
2018-01-16,7.8230
2018-01-17,7.8187
2018-01-18,7.8176
2018-01-19,7.8173
2018-01-22,7.8177
2018-01-23,7.8175
2018-01-24,7.8176
2018-01-25,7.8168
2018-01-26,7.8179
2018-01-29,7.8172
2018-01-30,7.8196
2018-01-31,7.8210
2018-02-01,7.8218
2018-02-02,7.8210
2018-02-05,7.8210
2018-02-06,7.8200
2018-02-07,7.8183
2018-02-08,7.8199
2018-02-09,7.8194
2018-02-12,7.8203
2018-02-13,7.8226
2018-02-14,7.8212
2018-02-15,7.8206
2018-02-16,7.8217
2018-02-19,.
2018-02-20,7.8238
2018-02-21,7.8250
2018-02-22,7.8246
2018-02-23,7.8233
2018-02-26,7.8236
2018-02-27,7.8267
2018-02-28,7.8262
2018-03-01,7.8275
2018-03-02,7.831
2018-03-05,7.8315
2018-03-06,7.8335
2018-03-07,7.8356
2018-03-08,7.8418
2018-03-09,7.8375
2018-03-12,7.8404
2018-03-13,7.8401
2018-03-14,7.8405
2018-03-15,7.8415
2018-03-16,7.8435
2018-03-19,7.8428
2018-03-20,7.8439
2018-03-21,7.8457
2018-03-22,7.8479
2018-03-23,7.846
2018-03-26,7.8459
2018-03-27,7.8465
2018-03-28,7.8475
2018-03-29,7.8486
2018-03-30,7.8484
2018-04-02,7.8485
2018-04-03,7.8487
2018-04-04,7.849
2018-04-05,7.8489
2018-04-06,7.8482
2018-04-09,7.8488
2018-04-10,7.8494
2018-04-11,7.8498
2018-04-12,7.8499
2018-04-13,7.8499
2018-04-16,7.8496
2018-04-17,7.8496
2018-04-18,7.8499
2018-04-19,7.8486
2018-04-20,7.8448
2018-04-23,7.8432
2018-04-24,7.8468
2018-04-25,7.8468
2018-04-26,7.8461
2018-04-27,7.8483
2018-04-30,7.8479
2018-05-01,7.8488
2018-05-02,7.8495
2018-05-03,7.8495
2018-05-04,7.8493
2018-05-07,7.8496
2018-05-08,7.8494
2018-05-09,7.8498
2018-05-10,7.8497
2018-05-11,7.8498
2018-05-14,7.8494
2018-05-15,7.8497
2018-05-16,7.8499
2018-05-17,7.8496
2018-05-18,7.8498
2018-05-21,7.849
2018-05-22,7.8495
2018-05-23,7.8496
2018-05-24,7.8477
2018-05-25,7.8456
2018-05-28,.
2018-05-29,7.8455
2018-05-30,7.8476
2018-05-31,7.8439
2018-06-01,7.8454
2018-06-04,7.8454
2018-06-05,7.8468
2018-06-06,7.8472
2018-06-07,7.8462
2018-06-08,7.8456
2018-06-11,7.8462
2018-06-12,7.8464
2018-06-13,7.848
2018-06-14,7.8486
2018-06-15,7.8492
2018-06-18,7.8492
2018-06-19,7.8491
2018-06-20,7.8464
2018-06-21,7.8452
2018-06-22,7.8459
2018-06-25,7.8471
2018-06-26,7.849
2018-06-27,7.8481
2018-06-28,7.8481
2018-06-29,7.8463
2018-07-02,7.8451
2018-07-03,7.8439
2018-07-04,.
2018-07-05,7.8467
2018-07-06,7.8479
2018-07-09,7.8485
2018-07-10,7.848
2018-07-11,7.8487
2018-07-12,7.8484
2018-07-13,7.8486
2018-07-16,7.8484
2018-07-17,7.8486
2018-07-18,7.8493
2018-07-19,7.8493
2018-07-20,7.8491
2018-07-23,7.8477
2018-07-24,7.8466
2018-07-25,7.8457
2018-07-26,7.848
2018-07-27,7.8478
2018-07-30,7.848
2018-07-31,7.8484
2018-08-01,7.8486
2018-08-02,7.8492
2018-08-03,7.8486
2018-08-06,7.8482
2018-08-07,7.8492
2018-08-08,7.8489
2018-08-09,7.8495
2018-08-10,7.8495
2018-08-13,7.8495
2018-08-14,7.8499
2018-08-15,7.8496
2018-08-16,7.8494
2018-08-17,7.849
2018-08-20,7.8494
2018-08-21,7.8492
2018-08-22,7.8496
2018-08-23,7.8498
2018-08-24,7.8496
2018-08-27,7.8499
2018-08-28,7.8494
2018-08-29,7.8486
2018-08-30,7.8487
2018-08-31,7.8486
2018-09-03,.
2018-09-04,7.8491
2018-09-05,7.8492
2018-09-06,7.8495
2018-09-07,7.8494
2018-09-10,7.8496
2018-09-11,7.8494
2018-09-12,7.8485
2018-09-13,7.8485
2018-09-14,7.8465
2018-09-17,7.8432
2018-09-18,7.8432
2018-09-19,7.8451
2018-09-20,7.8426
2018-09-21,7.808
2018-09-24,7.8114
2018-09-25,7.8095
2018-09-26,7.8092
2018-09-27,7.8134
2018-09-28,7.8259
2018-10-01,7.826
2018-10-02,7.8336
2018-10-03,7.8361
2018-10-04,7.835
2018-10-05,7.8349
2018-10-08,.
2018-10-09,7.8336
2018-10-10,7.8373
2018-10-11,7.8365
2018-10-12,7.8357
2018-10-15,7.836
2018-10-16,7.8362
2018-10-17,7.8388
2018-10-18,7.8383
2018-10-19,7.8405
2018-10-22,7.8393
2018-10-23,7.8396
2018-10-24,7.8413
2018-10-25,7.8406
2018-10-26,7.8393
2018-10-29,7.8433
2018-10-30,7.8429
2018-10-31,7.8393
2018-11-01,7.8365
2018-11-02,7.8205
2018-11-05,7.8288
2018-11-06,7.8292
2018-11-07,7.8292
2018-11-08,7.8276
2018-11-09,7.8315
2018-11-12,.
2018-11-13,7.8287
2018-11-14,7.8323
2018-11-15,7.8325
2018-11-16,7.8306
2018-11-19,7.8319
2018-11-20,7.8305
2018-11-21,7.8325
2018-11-22,.
2018-11-23,7.8238
2018-11-26,7.8239
2018-11-27,7.8289
2018-11-28,7.8256
2018-11-29,7.8227
2018-11-30,7.8244
2018-12-03,7.8151
2018-12-04,7.8043
2018-12-05,.
2018-12-06,7.8111
2018-12-07,7.8141
2018-12-10,7.8136
2018-12-11,7.8156
2018-12-12,7.8139
2018-12-13,7.8125
2018-12-14,7.8103
2018-12-17,7.8121
2018-12-18,7.819
2018-12-19,7.8254
2018-12-20,7.8294
2018-12-21,7.8321
2018-12-24,.
2018-12-25,.
2018-12-26,7.8291
2018-12-27,7.8287
2018-12-28,7.8316
2018-12-31,7.8305
2019-01-01,.
2019-01-02,7.835
2019-01-03,7.8308
2019-01-04,7.8339
2019-01-07,7.8348
2019-01-08,7.838
2019-01-09,7.8369
2019-01-10,7.8378
2019-01-11,7.8393
2019-01-14,.
2019-01-15,7.8425
2019-01-16,7.8431
2019-01-17,7.8432
2019-01-18,7.8432
2019-01-21,.
2019-01-22,7.8454
2019-01-23,7.8454
2019-01-24,7.8454
2019-01-25,7.8452
2019-01-28,7.8459
2019-01-29,7.8461
2019-01-30,7.8445
2019-01-31,7.8463
2019-02-01,7.8468
2019-02-04,7.8465
2019-02-05,7.846
2019-02-06,7.8465
2019-02-07,7.8469
2019-02-08,7.8469
2019-02-11,7.848
2019-02-12,7.8484
2019-02-13,7.8485
2019-02-14,7.8472
2019-02-15,7.8477
2019-02-18,.
2019-02-19,7.8486
2019-02-20,.
2019-02-21,7.8467
2019-02-22,7.8481
2019-02-25,7.8486
2019-02-26,7.8486
2019-02-27,7.8493
2019-02-28,7.8496
2019-03-01,7.8481
2019-03-04,7.849
2019-03-05,7.8497
2019-03-06,7.8497
2019-03-07,7.8498
2019-03-08,7.8497
2019-03-11,7.8498
2019-03-12,7.8499
2019-03-13,7.8499
2019-03-14,7.8499
2019-03-15,7.8492
2019-03-18,7.8497
2019-03-19,7.8498
2019-03-20,7.8499
2019-03-21,7.8473
2019-03-22,7.8466
2019-03-25,7.8466
2019-03-26,7.849
2019-03-27,7.8491
2019-03-28,7.8499
2019-03-29,7.8498
2019-04-01,7.8495
2019-04-02,7.8495
2019-04-03,7.8496
2019-04-04,7.849
2019-04-05,7.8497
2019-04-08,7.8451
2019-04-09,7.8423
2019-04-10,7.8368
2019-04-11,7.8436
2019-04-12,7.8427
2019-04-15,7.8388
2019-04-16,7.8434
2019-04-17,7.8442
2019-04-18,7.8452
2019-04-19,7.8445
2019-04-22,7.8445
2019-04-23,7.8433
2019-04-24,7.8417
2019-04-25,7.8437
2019-04-26,7.8433
2019-04-29,7.8432
2019-04-30,7.8451
2019-05-01,7.8448
2019-05-02,7.8438
2019-05-03,7.845
2019-05-06,7.8449
2019-05-07,7.8483
2019-05-08,7.8489
2019-05-09,7.8485
2019-05-10,7.8487
2019-05-13,7.8491
2019-05-14,7.8494
2019-05-15,7.8495
2019-05-16,7.8494
2019-05-17,7.8496
2019-05-20,7.8493
2019-05-21,7.8495
2019-05-22,7.8497
2019-05-23,7.849
2019-05-24,7.849
2019-05-27,.
2019-05-28,7.8495
2019-05-29,7.8488
2019-05-30,7.8477
2019-05-31,7.8387
2019-06-03,7.8359
2019-06-04,7.8419
2019-06-05,7.8408
2019-06-06,7.8393
2019-06-07,7.8413
2019-06-10,7.843
2019-06-11,7.8369
2019-06-12,7.825
2019-06-13,7.8289
2019-06-14,7.8259
2019-06-17,7.8322
2019-06-18,7.8319
2019-06-19,7.8235
2019-06-20,7.8137
2019-06-21,7.8091
2019-06-24,7.8085
2019-06-25,7.8104
2019-06-26,7.808
2019-06-27,7.8144
2019-06-28,7.8103
2019-07-01,7.8127
2019-07-02,7.8001
2019-07-03,7.7975
2019-07-04,.
2019-07-05,7.7956
2019-07-08,7.7989
2019-07-09,7.8101
2019-07-10,7.8159
2019-07-11,7.8211
2019-07-12,7.824
2019-07-15,7.8265
2019-07-16,7.817
2019-07-17,7.8133
2019-07-18,7.8166
2019-07-19,7.806
2019-07-22,7.8099
2019-07-23,7.8109
2019-07-24,7.8126
2019-07-25,7.8143
2019-07-26,7.8191
2019-07-29,7.8192
2019-07-30,7.8241
2019-07-31,7.8275
2019-08-01,7.8266
2019-08-02,7.8288
2019-08-05,7.8413
2019-08-06,7.8384
2019-08-07,7.8429
2019-08-08,7.8403
2019-08-09,7.8426
2019-08-12,7.8464
2019-08-13,7.8462
2019-08-14,7.8467
2019-08-15,7.8411
2019-08-16,7.8426
2019-08-19,7.8457
2019-08-20,7.8434
2019-08-21,7.8435
2019-08-22,7.8404
2019-08-23,7.8438
2019-08-26,7.8457
2019-08-27,7.8469
2019-08-28,7.8439
2019-08-29,7.8462
2019-08-30,7.8403
2019-09-02,.
2019-09-03,7.8425
2019-09-04,7.8386
2019-09-05,7.8378
2019-09-06,7.8389
2019-09-09,7.8378
2019-09-10,7.84
2019-09-11,7.8396
2019-09-12,7.8262
2019-09-13,7.8237
2019-09-16,7.8177
2019-09-17,7.822
2019-09-18,7.8305
2019-09-19,7.8318
2019-09-20,7.8382
2019-09-23,7.8401
2019-09-24,7.8406
2019-09-25,7.8379
2019-09-26,7.837
2019-09-27,7.8395
2019-09-30,7.8401
2019-10-01,7.8425
2019-10-02,7.8431
2019-10-03,7.8433
2019-10-04,7.8433
2019-10-07,7.8436
2019-10-08,7.8447
2019-10-09,7.8454
2019-10-10,7.8411
2019-10-11,7.8441
2019-10-14,.
2019-10-15,7.8438
2019-10-16,7.8446
2019-10-17,7.8442
2019-10-18,7.8427
2019-10-21,7.8437
2019-10-22,7.8426
2019-10-23,7.8414
2019-10-24,7.8371
2019-10-25,7.8375
2019-10-28,7.8394
2019-10-29,7.8398
2019-10-30,7.8404
2019-10-31,7.8376
2019-11-01,7.8365
2019-11-04,7.836
2019-11-05,7.8325
2019-11-06,7.826
2019-11-07,7.8265
2019-11-08,7.8256
2019-11-11,.
2019-11-12,7.8273
2019-11-13,7.8302
2019-11-14,7.8289
2019-11-15,7.8261
2019-11-18,7.8274
2019-11-19,7.8279
2019-11-20,7.8252
2019-11-21,7.8208
2019-11-22,7.8242
2019-11-25,7.8263
2019-11-26,7.8286
2019-11-27,7.8281
2019-11-28,.
2019-11-29,7.8267
2019-12-02,7.8284
2019-12-03,7.8286
2019-12-04,7.8288
2019-12-05,7.8289
2019-12-06,7.8288
2019-12-09,7.8284
2019-12-10,7.8266
2019-12-11,7.8117
2019-12-12,7.8056
2019-12-13,7.7951
2019-12-16,7.7933
2019-12-17,7.789
2019-12-18,7.7867
2019-12-19,7.7955
2019-12-20,7.7969
2019-12-23,7.785
2019-12-24,7.7872
2019-12-25,.
2019-12-26,7.788
2019-12-27,7.7874
2019-12-30,7.7857
2019-12-31,7.7894
2020-01-01,.
2020-01-02,7.7889
2020-01-03,7.7779
2020-01-06,7.769
2020-01-07,7.7764
2020-01-08,7.7753
2020-01-09,7.7664
2020-01-10,7.7661
2020-01-13,7.7719
2020-01-14,7.7755
2020-01-15,7.7707
2020-01-16,7.7714
2020-01-17,7.7678
2020-01-20,.
2020-01-21,7.7693
2020-01-22,7.7718
2020-01-23,7.7725
2020-01-24,7.7721
2020-01-27,7.777
2020-01-28,7.7759
2020-01-29,7.7721
2020-01-30,7.7672
2020-01-31,7.7665
2020-02-03,7.7678
2020-02-04,7.7652
2020-02-05,7.764
2020-02-06,7.763
2020-02-07,7.7651
2020-02-10,7.7657
2020-02-11,7.7657
2020-02-12,7.7702
2020-02-13,7.7668
2020-02-14,7.7672
2020-02-17,.
2020-02-18,7.7674
2020-02-19,7.7719
2020-02-20,7.7831
2020-02-21,7.7873
2020-02-24,7.7951
2020-02-25,7.7917
2020-02-26,7.7937
2020-02-27,7.7943
2020-02-28,7.7927
2020-03-02,7.782
2020-03-03,7.7724
2020-03-04,7.7712
2020-03-05,7.7734
2020-03-06,7.771
2020-03-09,7.7733
2020-03-10,7.7707
2020-03-11,7.7698
2020-03-12,7.7863
2020-03-13,7.7731
2020-03-16,7.7696
2020-03-17,7.7632
2020-03-18,7.7686
2020-03-19,7.7603
2020-03-20,7.7554
2020-03-23,7.7557
2020-03-24,7.7561
2020-03-25,7.7528
2020-03-26,7.752
2020-03-27,7.7511
2020-03-30,7.7533
2020-03-31,7.7513
2020-04-01,7.7528
2020-04-02,7.7521
2020-04-03,7.753
2020-04-06,7.7524
2020-04-07,7.7517
2020-04-08,7.7517
2020-04-09,7.7527
2020-04-10,7.7524
2020-04-13,7.7523
2020-04-14,7.7511
2020-04-15,7.7502
2020-04-16,7.7508
2020-04-17,7.7506
2020-04-20,7.7501
2020-04-21,7.75
2020-04-22,7.75
2020-04-23,7.75
2020-04-24,7.7506
2020-04-27,7.7499
2020-04-28,7.7498
2020-04-29,7.7503
2020-04-30,7.7514
2020-05-01,7.7517
2020-05-04,7.7532
2020-05-05,7.7534
2020-05-06,7.752
2020-05-07,7.7505
2020-05-08,7.7512
2020-05-11,7.7504
2020-05-12,7.7506
2020-05-13,7.7506
2020-05-14,7.7508
2020-05-15,7.7511
2020-05-18,7.7513
2020-05-19,7.7508
2020-05-20,7.75
2020-05-21,7.755
2020-05-22,7.7561
2020-05-25,.
2020-05-26,7.7526
2020-05-27,7.7526
2020-05-28,7.7522
2020-05-29,7.7513
2020-06-01,7.7514
2020-06-02,7.7509
2020-06-03,7.7501
2020-06-04,7.7499
2020-06-05,7.7499
2020-06-08,7.7498
2020-06-09,7.7499
2020-06-10,7.7499
2020-06-11,7.7502
2020-06-12,7.7499
2020-06-15,7.75
2020-06-16,7.7499
2020-06-17,7.7499
2020-06-18,7.7501
2020-06-19,7.75
2020-06-22,7.75
2020-06-23,7.75
2020-06-24,7.7502
2020-06-25,7.7504
2020-06-26,7.7501
2020-06-29,7.7504
2020-06-30,7.7501
2020-07-01,7.7503
2020-07-02,7.7501
2020-07-03,.
2020-07-06,7.7499
2020-07-07,7.7499
2020-07-08,7.7499
2020-07-09,7.7499
2020-07-10,7.7503
2020-07-13,7.7506
2020-07-14,7.7508
2020-07-15,7.7527
2020-07-16,7.7533
2020-07-17,7.7538
2020-07-20,7.7517
2020-07-21,7.7507
2020-07-22,7.752
2020-07-23,7.7511
2020-07-24,7.7516
2020-07-27,7.751
2020-07-28,7.7501
2020-07-29,7.75
2020-07-30,7.75
2020-07-31,7.75
2020-08-03,7.7503
2020-08-04,7.75
2020-08-05,7.7501
2020-08-06,7.75
2020-08-07,7.7504
2020-08-10,7.7502
2020-08-11,7.75
2020-08-12,7.7505
2020-08-13,7.7503
2020-08-14,7.7506
2020-08-17,7.7503
2020-08-18,7.7501
2020-08-19,7.75
2020-08-20,7.75
2020-08-21,7.7502
2020-08-24,7.75
2020-08-25,7.7501
2020-08-26,7.7502
2020-08-27,7.7498
2020-08-28,7.7502
2020-08-31,7.7501
2020-09-01,7.7499
2020-09-02,7.7501
2020-09-03,7.7501
2020-09-04,7.7504
2020-09-07,.
2020-09-08,7.7503
2020-09-09,7.7503
2020-09-10,7.75
2020-09-11,7.7502
2020-09-14,7.7499
2020-09-15,7.7499
2020-09-16,7.75
2020-09-17,7.75
2020-09-18,7.7499
2020-09-21,7.75
2020-09-22,7.7501
2020-09-23,7.7499
2020-09-24,7.7499
2020-09-25,7.75
2020-09-28,7.75
2020-09-29,7.75
2020-09-30,7.75
2020-10-01,7.7501
2020-10-02,7.7501
2020-10-05,7.75
2020-10-06,7.75
2020-10-07,7.75
2020-10-08,7.75
2020-10-09,7.75
2020-10-12,.
2020-10-13,7.7498
2020-10-14,7.7499
2020-10-15,7.7499
2020-10-16,7.75
