DATE,DEXSIUS
2000-01-03,1.6563
2000-01-04,1.6535
2000-01-05,1.6560
2000-01-06,1.6655
2000-01-07,1.6625
2000-01-10,1.6618
2000-01-11,1.6690
2000-01-12,1.6690
2000-01-13,1.6700
2000-01-14,1.6752
2000-01-17,.
2000-01-18,1.6735
2000-01-19,1.6753
2000-01-20,1.6765
2000-01-21,1.6810
2000-01-24,1.6825
2000-01-25,1.6867
2000-01-26,1.6950
2000-01-27,1.6930
2000-01-28,1.7100
2000-01-31,1.7010
2000-02-01,1.6990
2000-02-02,1.6985
2000-02-03,1.6925
2000-02-04,1.6930
2000-02-07,1.6958
2000-02-08,1.6968
2000-02-09,1.6918
2000-02-10,1.6929
2000-02-11,1.6947
2000-02-14,1.6975
2000-02-15,1.6960
2000-02-16,1.7033
2000-02-17,1.7060
2000-02-18,1.7058
2000-02-21,.
2000-02-22,1.7085
2000-02-23,1.7140
2000-02-24,1.7165
2000-02-25,1.7110
2000-02-28,1.7185
2000-02-29,1.7237
2000-03-01,1.7182
2000-03-02,1.7214
2000-03-03,1.7253
2000-03-06,1.7252
2000-03-07,1.7199
2000-03-08,1.7140
2000-03-09,1.7080
2000-03-10,1.7035
2000-03-13,1.7068
2000-03-14,1.7095
2000-03-15,1.7150
2000-03-16,1.7120
2000-03-17,1.7161
2000-03-20,1.7200
2000-03-21,1.7188
2000-03-22,1.7125
2000-03-23,1.7115
2000-03-24,1.7160
2000-03-27,1.7160
2000-03-28,1.7150
2000-03-29,1.7168
2000-03-30,1.7194
2000-03-31,1.7120
2000-04-03,1.7173
2000-04-04,1.7183
2000-04-05,1.7160
2000-04-06,1.7150
2000-04-07,1.7162
2000-04-10,1.7190
2000-04-11,1.7200
2000-04-12,1.7193
2000-04-13,1.7160
2000-04-14,1.7078
2000-04-17,1.7069
2000-04-18,1.6990
2000-04-19,1.6992
2000-04-20,1.6978
2000-04-21,1.6990
2000-04-24,1.7020
2000-04-25,1.7040
2000-04-26,1.7055
2000-04-27,1.7070
2000-04-28,1.7065
2000-05-01,1.7090
2000-05-02,1.7178
2000-05-03,1.7215
2000-05-04,1.7220
2000-05-05,1.7222
2000-05-08,1.7235
2000-05-09,1.7295
2000-05-10,1.7290
2000-05-11,1.7263
2000-05-12,1.7278
2000-05-15,1.7335
2000-05-16,1.7325
2000-05-17,1.7340
2000-05-18,1.7340
2000-05-19,1.7275
2000-05-22,1.7317
2000-05-23,1.7350
2000-05-24,1.7370
2000-05-25,1.7328
2000-05-26,1.7343
2000-05-29,.
2000-05-30,1.7332
2000-05-31,1.7345
2000-06-01,1.7320
2000-06-02,1.7240
2000-06-05,1.7205
2000-06-06,1.7205
2000-06-07,1.7220
2000-06-08,1.7205
2000-06-09,1.7230
2000-06-12,1.7225
2000-06-13,1.7213
2000-06-14,1.7215
2000-06-15,1.7245
2000-06-16,1.7258
2000-06-19,1.7322
2000-06-20,1.7330
2000-06-21,1.7340
2000-06-22,1.7345
2000-06-23,1.7325
2000-06-26,1.7341
2000-06-27,1.7343
2000-06-28,1.7350
2000-06-29,1.7345
2000-06-30,1.7275
2000-07-03,1.7327
2000-07-04,.
2000-07-05,1.7380
2000-07-06,1.7367
2000-07-07,1.7370
2000-07-10,1.7385
2000-07-11,1.7435
2000-07-12,1.7435
2000-07-13,1.7435
2000-07-14,1.7432
2000-07-17,1.7478
2000-07-18,1.7465
2000-07-19,1.7460
2000-07-20,1.7458
2000-07-21,1.7480
2000-07-24,1.7447
2000-07-25,1.7455
2000-07-26,1.7428
2000-07-27,1.7346
2000-07-28,1.7350
2000-07-31,1.7342
2000-08-01,1.7320
2000-08-02,1.7270
2000-08-03,1.7248
2000-08-04,1.7215
2000-08-07,1.7268
2000-08-08,1.7255
2000-08-09,1.7210
2000-08-10,1.7145
2000-08-11,1.7133
2000-08-14,1.7163
2000-08-15,1.7190
2000-08-16,1.7175
2000-08-17,1.7163
2000-08-18,1.7187
2000-08-21,1.7170
2000-08-22,1.7170
2000-08-23,1.7190
2000-08-24,1.7215
2000-08-25,1.7210
2000-08-28,1.7190
2000-08-29,1.7208
2000-08-30,1.7228
2000-08-31,1.7213
2000-09-01,1.7210
2000-09-04,.
2000-09-05,1.7270
2000-09-06,1.7320
2000-09-07,1.7323
2000-09-08,1.7372
2000-09-11,1.7380
2000-09-12,1.7420
2000-09-13,1.7455
2000-09-14,1.7405
2000-09-15,1.7442
2000-09-18,1.7478
2000-09-19,1.7440
2000-09-20,1.7485
2000-09-21,1.7470
2000-09-22,1.7490
2000-09-25,1.7470
2000-09-26,1.7415
2000-09-27,1.7435
2000-09-28,1.7440
2000-09-29,1.7395
2000-10-02,1.7420
2000-10-03,1.7442
2000-10-04,1.7505
2000-10-05,1.7496
2000-10-06,1.7490
2000-10-09,.
2000-10-10,1.7500
2000-10-11,1.7504
2000-10-12,1.7555
2000-10-13,1.7545
2000-10-16,1.7540
2000-10-17,1.7555
2000-10-18,1.7570
2000-10-19,1.7523
2000-10-20,1.7547
2000-10-23,1.7547
2000-10-24,1.7515
2000-10-25,1.7545
2000-10-26,1.7553
2000-10-27,1.7558
2000-10-30,1.7556
2000-10-31,1.7568
2000-11-01,1.7447
2000-11-02,1.7433
2000-11-03,1.7335
2000-11-06,1.7323
2000-11-07,1.7364
2000-11-08,1.7383
2000-11-09,1.7405
2000-11-10,1.7432
2000-11-13,1.7435
2000-11-14,1.7440
2000-11-15,1.7455
2000-11-16,1.7525
2000-11-17,1.7545
2000-11-20,1.7570
2000-11-21,1.7569
2000-11-22,1.7555
2000-11-23,.
2000-11-24,1.7600
2000-11-27,1.7542
2000-11-28,1.7560
2000-11-29,1.7575
2000-11-30,1.7547
2000-12-01,1.7490
2000-12-04,1.7445
2000-12-05,1.7438
2000-12-06,1.7430
2000-12-07,1.7335
2000-12-08,1.7363
2000-12-11,1.7332
2000-12-12,1.7355
2000-12-13,1.7415
2000-12-14,1.7380
2000-12-15,1.7355
2000-12-18,1.7373
2000-12-19,1.7375
2000-12-20,1.7318
2000-12-21,1.7317
2000-12-22,1.7258
2000-12-25,.
2000-12-26,1.7270
2000-12-27,1.7325
2000-12-28,1.7335
2000-12-29,1.7315
2001-01-01,.
2001-01-02,1.7370
2001-01-03,1.7325
2001-01-04,1.7370
2001-01-05,1.7322
2001-01-08,1.7275
2001-01-09,1.7328
2001-01-10,1.7333
2001-01-11,1.7352
2001-01-12,1.7328
2001-01-15,.
2001-01-16,1.7338
2001-01-17,1.7340
2001-01-18,1.7393
2001-01-19,1.7380
2001-01-22,1.7373
2001-01-23,1.7425
2001-01-24,1.7445
2001-01-25,1.7420
2001-01-26,1.7500
2001-01-29,1.7470
2001-01-30,1.7460
2001-01-31,1.7438
2001-02-01,1.7370
2001-02-02,1.7390
2001-02-05,1.7413
2001-02-06,1.7435
2001-02-07,1.7485
2001-02-08,1.7480
2001-02-09,1.7470
2001-02-12,1.7458
2001-02-13,1.7453
2001-02-14,1.7455
2001-02-15,1.7435
2001-02-16,1.7386
2001-02-19,.
2001-02-20,1.7400
2001-02-21,1.7445
2001-02-22,1.7445
2001-02-23,1.7448
2001-02-26,1.7443
2001-02-27,1.7410
2001-02-28,1.7451
2001-03-01,1.7468
2001-03-02,1.7500
2001-03-05,1.7565
2001-03-06,1.7565
2001-03-07,1.7588
2001-03-08,1.7565
2001-03-09,1.7558
2001-03-12,1.7618
2001-03-13,1.7612
2001-03-14,1.7670
2001-03-15,1.7700
2001-03-16,1.7775
2001-03-19,1.7685
2001-03-20,1.7765
2001-03-21,1.7855
2001-03-22,1.7890
2001-03-23,1.7847
2001-03-26,1.7930
2001-03-27,1.7923
2001-03-28,1.7975
2001-03-29,1.8010
2001-03-30,1.8050
2001-04-02,1.8157
2001-04-03,1.8115
2001-04-04,1.8166
2001-04-05,1.8090
2001-04-06,1.8140
2001-04-09,1.8162
2001-04-10,1.8135
2001-04-11,1.8070
2001-04-12,1.8035
2001-04-13,1.8050
2001-04-16,1.8117
2001-04-17,1.8085
2001-04-18,1.7998
2001-04-19,1.8065
2001-04-20,1.8136
2001-04-23,1.8072
2001-04-24,1.8135
2001-04-25,1.8175
2001-04-26,1.8170
2001-04-27,1.8190
2001-04-30,1.8210
2001-05-01,1.8135
2001-05-02,1.8164
2001-05-03,1.8210
2001-05-04,1.8225
2001-05-07,1.8255
2001-05-08,1.8234
2001-05-09,1.8230
2001-05-10,1.8165
2001-05-11,1.8132
2001-05-14,1.8190
2001-05-15,1.8191
2001-05-16,1.8130
2001-05-17,1.8087
2001-05-18,1.8113
2001-05-21,1.8108
2001-05-22,1.8098
2001-05-23,1.8052
2001-05-24,1.8005
2001-05-25,1.8093
2001-05-28,.
2001-05-29,1.8085
2001-05-30,1.8110
2001-05-31,1.8095
2001-06-01,1.8140
2001-06-04,1.8160
2001-06-05,1.8120
2001-06-06,1.8135
2001-06-07,1.8095
2001-06-08,1.8094
2001-06-11,1.8140
2001-06-12,1.8165
2001-06-13,1.8165
2001-06-14,1.8140
2001-06-15,1.8160
2001-06-18,1.8173
2001-06-19,1.8175
2001-06-20,1.8202
2001-06-21,1.8233
2001-06-22,1.8210
2001-06-25,1.8192
2001-06-26,1.8205
2001-06-27,1.8215
2001-06-28,1.8230
2001-06-29,1.8225
2001-07-02,1.8227
2001-07-03,1.8232
2001-07-04,.
2001-07-05,1.8250
2001-07-06,1.8275
2001-07-09,1.8281
2001-07-10,1.8347
2001-07-11,1.8365
2001-07-12,1.8347
2001-07-13,1.8375
2001-07-16,1.8365
2001-07-17,1.8338
2001-07-18,1.8300
2001-07-19,1.8260
2001-07-20,1.8240
2001-07-23,1.8265
2001-07-24,1.8184
2001-07-25,1.8175
2001-07-26,1.8025
2001-07-27,1.7957
2001-07-30,1.8046
2001-07-31,1.8031
2001-08-01,1.8055
2001-08-02,1.7815
2001-08-03,1.7762
2001-08-06,1.7816
2001-08-07,1.7800
2001-08-08,1.7765
2001-08-09,1.7758
2001-08-10,1.7610
2001-08-13,1.7582
2001-08-14,1.7575
2001-08-15,1.7465
2001-08-16,1.7467
2001-08-17,1.7525
2001-08-20,1.7580
2001-08-21,1.7560
2001-08-22,1.7526
2001-08-23,1.7547
2001-08-24,1.7510
2001-08-27,1.7485
2001-08-28,1.7520
2001-08-29,1.7485
2001-08-30,1.7480
2001-08-31,1.7415
2001-09-03,.
2001-09-04,1.7470
2001-09-05,1.7498
2001-09-06,1.7500
2001-09-07,1.7485
2001-09-10,1.7514
2001-09-11,.
2001-09-12,1.7398
2001-09-13,1.7395
2001-09-14,1.7320
2001-09-17,1.7323
2001-09-18,1.7344
2001-09-19,1.7395
2001-09-20,1.7365
2001-09-21,1.7454
2001-09-24,1.7663
2001-09-25,1.7745
2001-09-26,1.7695
2001-09-27,1.7650
2001-09-28,1.7669
2001-10-01,1.7694
2001-10-02,1.7788
2001-10-03,1.7754
2001-10-04,1.7806
2001-10-05,1.7906
2001-10-08,.
2001-10-09,1.8040
2001-10-10,1.8120
2001-10-11,1.8190
2001-10-12,1.8190
2001-10-15,1.8098
2001-10-16,1.8180
2001-10-17,1.8166
2001-10-18,1.8201
2001-10-19,1.8240
2001-10-22,1.8289
2001-10-23,1.8265
2001-10-24,1.8282
2001-10-25,1.8253
2001-10-26,1.8275
2001-10-29,1.8293
2001-10-30,1.8231
2001-10-31,1.8235
2001-11-01,1.8289
2001-11-02,1.8251
2001-11-05,1.8220
2001-11-06,1.8181
2001-11-07,1.8140
2001-11-08,1.8175
2001-11-09,1.8231
2001-11-12,.
2001-11-13,1.8266
2001-11-14,1.8257
2001-11-15,1.8335
2001-11-16,1.8360
2001-11-19,1.8405
2001-11-20,1.8358
2001-11-21,1.8375
2001-11-22,.
2001-11-23,1.8385
2001-11-26,1.8345
2001-11-27,1.8349
2001-11-28,1.8327
2001-11-29,1.8347
2001-11-30,1.8310
2001-12-03,1.8380
2001-12-04,1.8360
2001-12-05,1.8355
2001-12-06,1.8291
2001-12-07,1.8339
2001-12-10,1.8330
2001-12-11,1.8328
2001-12-12,1.8310
2001-12-13,1.8315
2001-12-14,1.8372
2001-12-17,1.8385
2001-12-18,1.8380
2001-12-19,1.8334
2001-12-20,1.8375
2001-12-21,1.8387
2001-12-24,1.8400
2001-12-25,.
2001-12-26,1.8480
2001-12-27,1.8540
2001-12-28,1.8500
2001-12-31,1.8470
2002-01-01,.
2002-01-02,1.8525
2002-01-03,1.8495
2002-01-04,1.8440
2002-01-07,1.8455
2002-01-08,1.8480
2002-01-09,1.8472
2002-01-10,1.8460
2002-01-11,1.8416
2002-01-14,1.8335
2002-01-15,1.8260
2002-01-16,1.8325
2002-01-17,1.8330
2002-01-18,1.8352
2002-01-21,.
2002-01-22,1.8403
2002-01-23,1.8395
2002-01-24,1.8400
2002-01-25,1.8335
2002-01-28,1.8335
2002-01-29,1.8340
2002-01-30,1.8355
2002-01-31,1.8365
2002-02-01,1.8350
2002-02-04,1.8345
2002-02-05,1.8347
2002-02-06,1.8320
2002-02-07,1.8301
2002-02-08,1.8335
2002-02-11,1.8309
2002-02-12,1.8295
2002-02-13,1.8300
2002-02-14,1.8205
2002-02-15,1.8255
2002-02-18,.
2002-02-19,1.8302
2002-02-20,1.8290
2002-02-21,1.8313
2002-02-22,1.8328
2002-02-25,1.8317
2002-02-26,1.8337
2002-02-27,1.8370
2002-02-28,1.8315
2002-03-01,1.8314
2002-03-04,1.8260
2002-03-05,1.8242
2002-03-06,1.8250
2002-03-07,1.8176
2002-03-08,1.8215
2002-03-11,1.8196
2002-03-12,1.8215
2002-03-13,1.8248
2002-03-14,1.8218
2002-03-15,1.8217
2002-03-18,1.8275
2002-03-19,1.8304
2002-03-20,1.8276
2002-03-21,1.8287
2002-03-22,1.8335
2002-03-25,1.8395
2002-03-26,1.8490
2002-03-27,1.8426
2002-03-28,1.8437
2002-03-29,1.8425
2002-04-01,1.8468
2002-04-02,1.8472
2002-04-03,1.8423
2002-04-04,1.8418
2002-04-05,1.8356
2002-04-08,1.8363
2002-04-09,1.8366
2002-04-10,1.8353
2002-04-11,1.8375
2002-04-12,1.8375
2002-04-15,1.8367
2002-04-16,1.8340
2002-04-17,1.8287
2002-04-18,1.8236
2002-04-19,1.8222
2002-04-22,1.8140
2002-04-23,1.8183
2002-04-24,1.8155
2002-04-25,1.8120
2002-04-26,1.8040
2002-04-29,1.8090
2002-04-30,1.8130
2002-05-01,1.8072
2002-05-02,1.8115
2002-05-03,1.8050
2002-05-06,1.8011
2002-05-07,1.8081
2002-05-08,1.8085
2002-05-09,1.8095
2002-05-10,1.8047
2002-05-13,1.8029
2002-05-14,1.8080
2002-05-15,1.8055
2002-05-16,1.8060
2002-05-17,1.7967
2002-05-20,1.7922
2002-05-21,1.7890
2002-05-22,1.7925
2002-05-23,1.8003
2002-05-24,1.7990
2002-05-27,.
2002-05-28,1.7935
2002-05-29,1.7930
2002-05-30,1.7859
2002-05-31,1.7880
2002-06-03,1.7855
2002-06-04,1.7860
2002-06-05,1.7957
2002-06-06,1.7972
2002-06-07,1.7910
2002-06-10,1.7915
2002-06-11,1.7925
2002-06-12,1.7875
2002-06-13,1.7845
2002-06-14,1.7885
2002-06-17,1.7895
2002-06-18,1.7935
2002-06-19,1.7866
2002-06-20,1.7791
2002-06-21,1.7715
2002-06-24,1.7674
2002-06-25,1.7723
2002-06-26,1.7685
2002-06-27,1.7680
2002-06-28,1.7660
2002-07-01,1.7694
2002-07-02,1.7717
2002-07-03,1.7685
2002-07-04,.
2002-07-05,1.7700
2002-07-08,1.7627
2002-07-09,1.7545
2002-07-10,1.7515
2002-07-11,1.7480
2002-07-12,1.7441
2002-07-15,1.7390
2002-07-16,1.7382
2002-07-17,1.7397
2002-07-18,1.7425
2002-07-19,1.7310
2002-07-22,1.7335
2002-07-23,1.7434
2002-07-24,1.7440
2002-07-25,1.7445
2002-07-26,1.7625
2002-07-29,1.7691
2002-07-30,1.7630
2002-07-31,1.7630
2002-08-01,1.7567
2002-08-02,1.7518
2002-08-05,1.7560
2002-08-06,1.7730
2002-08-07,1.7663
2002-08-08,1.7710
2002-08-09,1.7640
2002-08-12,1.7598
2002-08-13,1.7595
2002-08-14,1.7452
2002-08-15,1.7470
2002-08-16,1.7475
2002-08-19,1.7517
2002-08-20,1.7500
2002-08-21,1.7487
2002-08-22,1.7590
2002-08-23,1.7556
2002-08-26,1.7574
2002-08-27,1.7482
2002-08-28,1.7479
2002-08-29,1.7503
2002-08-30,1.7500
2002-09-02,.
2002-09-03,1.7460
2002-09-04,1.7500
2002-09-05,1.7480
2002-09-06,1.7490
2002-09-09,1.7505
2002-09-10,1.7576
2002-09-11,1.7597
2002-09-12,1.7625
2002-09-13,1.7710
2002-09-16,1.7815
2002-09-17,1.7790
2002-09-18,1.7724
2002-09-19,1.7712
2002-09-20,1.7783
2002-09-23,1.7820
2002-09-24,1.7808
2002-09-25,1.7838
2002-09-26,1.7845
2002-09-27,1.7790
2002-09-30,1.7780
2002-10-01,1.7887
2002-10-02,1.7867
2002-10-03,1.7848
2002-10-04,1.7827
2002-10-07,1.7922
2002-10-08,1.7885
2002-10-09,1.7860
2002-10-10,1.7940
2002-10-11,1.7935
2002-10-14,.
2002-10-15,1.8035
2002-10-16,1.7890
2002-10-17,1.7850
2002-10-18,1.7913
2002-10-21,1.7834
2002-10-22,1.7829
2002-10-23,1.7797
2002-10-24,1.7840
2002-10-25,1.7750
2002-10-28,1.7766
2002-10-29,1.7675
2002-10-30,1.7720
2002-10-31,1.7672
2002-11-01,1.7630
2002-11-04,1.7635
2002-11-05,1.7581
2002-11-06,1.7673
2002-11-07,1.7640
2002-11-08,1.7590
2002-11-11,.
2002-11-12,1.7640
2002-11-13,1.7663
2002-11-14,1.7618
2002-11-15,1.7630
2002-11-18,1.7648
2002-11-19,1.7675
2002-11-20,1.7697
2002-11-21,1.7705
2002-11-22,1.7700
2002-11-25,1.7735
2002-11-26,1.7643
2002-11-27,1.7640
2002-11-28,.
2002-11-29,1.7672
2002-12-02,1.7723
2002-12-03,1.7715
2002-12-04,1.7710
2002-12-05,1.7760
2002-12-06,1.7672
2002-12-09,1.7653
2002-12-10,1.7663
2002-12-11,1.7630
2002-12-12,1.7600
2002-12-13,1.7480
2002-12-16,1.7490
2002-12-17,1.7480
2002-12-18,1.7457
2002-12-19,1.7450
2002-12-20,1.7442
2002-12-23,1.7408
2002-12-24,1.7380
2002-12-25,.
2002-12-26,1.7390
2002-12-27,1.7355
2002-12-30,1.7352
2002-12-31,1.7352
2003-01-01,.
2003-01-02,1.7448
2003-01-03,1.7440
2003-01-06,1.7372
2003-01-07,1.7430
2003-01-08,1.7390
2003-01-09,1.7409
2003-01-10,1.7385
2003-01-13,1.7375
2003-01-14,1.7328
2003-01-15,1.7342
2003-01-16,1.7333
2003-01-17,1.7330
2003-01-20,.
2003-01-21,1.7355
2003-01-22,1.7330
2003-01-23,1.7308
2003-01-24,1.7310
2003-01-27,1.7310
2003-01-28,1.7330
2003-01-29,1.7308
2003-01-30,1.7390
2003-01-31,1.7396
2003-02-03,1.7423
2003-02-04,1.7378
2003-02-05,1.7425
2003-02-06,1.7400
2003-02-07,1.7473
2003-02-10,1.7580
2003-02-11,1.7538
2003-02-12,1.7582
2003-02-13,1.7540
2003-02-14,1.7538
2003-02-17,.
2003-02-18,1.7509
2003-02-19,1.7506
2003-02-20,1.7435
2003-02-21,1.7445
2003-02-24,1.7390
2003-02-25,1.7325
2003-02-26,1.7355
2003-02-27,1.7361
2003-02-28,1.7374
2003-03-03,1.7365
2003-03-04,1.7365
2003-03-05,1.7325
2003-03-06,1.7369
2003-03-07,1.7355
2003-03-10,1.7348
2003-03-11,1.7389
2003-03-12,1.7468
2003-03-13,1.7502
2003-03-14,1.7592
2003-03-17,1.7658
2003-03-18,1.7670
2003-03-19,1.7724
2003-03-20,1.7650
2003-03-21,1.7713
2003-03-24,1.7658
2003-03-25,1.7667
2003-03-26,1.7700
2003-03-27,1.7680
2003-03-28,1.7730
2003-03-31,1.7645
2003-04-01,1.7714
2003-04-02,1.7720
2003-04-03,1.7790
2003-04-04,1.7763
2003-04-07,1.7829
2003-04-08,1.7838
2003-04-09,1.7817
2003-04-10,1.7755
2003-04-11,1.7807
2003-04-14,1.7811
2003-04-15,1.7815
2003-04-16,1.7760
2003-04-17,1.7670
2003-04-18,1.7675
2003-04-21,1.7720
2003-04-22,1.7768
2003-04-23,1.7790
2003-04-24,1.7785
2003-04-25,1.7837
2003-04-28,1.7779
2003-04-29,1.7779
2003-04-30,1.7745
2003-05-01,1.7696
2003-05-02,1.7727
2003-05-05,1.7591
2003-05-06,1.7430
2003-05-07,1.7390
2003-05-08,1.7415
2003-05-09,1.7405
2003-05-12,1.7331
2003-05-13,1.7340
2003-05-14,1.7295
2003-05-15,1.7175
2003-05-16,1.7255
2003-05-19,1.7262
2003-05-20,1.7243
2003-05-21,1.7245
2003-05-22,1.7228
2003-05-23,1.7233
2003-05-26,.
2003-05-27,1.7220
2003-05-28,1.7358
2003-05-29,1.7310
2003-05-30,1.7350
2003-06-02,1.7288
2003-06-03,1.7282
2003-06-04,1.7245
2003-06-05,1.7175
2003-06-06,1.7290
2003-06-09,1.7249
2003-06-10,1.7300
2003-06-11,1.7341
2003-06-12,1.7397
2003-06-13,1.7324
2003-06-16,1.7286
2003-06-17,1.7274
2003-06-18,1.7320
2003-06-19,1.7325
2003-06-20,1.7350
2003-06-23,1.7395
2003-06-24,1.7412
2003-06-25,1.7380
2003-06-26,1.7557
2003-06-27,1.7570
2003-06-30,1.7608
2003-07-01,1.7562
2003-07-02,1.7510
2003-07-03,1.7520
2003-07-04,.
2003-07-07,1.7584
2003-07-08,1.7591
2003-07-09,1.7447
2003-07-10,1.7524
2003-07-11,1.7554
2003-07-14,1.7560
2003-07-15,1.7553
2003-07-16,1.7575
2003-07-17,1.7622
2003-07-18,1.7612
2003-07-21,1.7570
2003-07-22,1.7580
2003-07-23,1.7528
2003-07-24,1.7510
2003-07-25,1.7470
2003-07-28,1.7511
2003-07-29,1.7555
2003-07-30,1.7580
2003-07-31,1.7595
2003-08-01,1.7605
2003-08-04,1.7613
2003-08-05,1.7648
2003-08-06,1.7630
2003-08-07,1.7553
2003-08-08,1.7575
2003-08-11,1.7535
2003-08-12,1.7555
2003-08-13,1.7543
2003-08-14,1.7495
2003-08-15,1.7497
2003-08-18,1.7525
2003-08-19,1.7520
2003-08-20,1.7444
2003-08-21,1.7385
2003-08-22,1.7437
2003-08-25,1.7455
2003-08-26,1.7554
2003-08-27,1.7522
2003-08-28,1.7557
2003-08-29,1.7535
2003-09-01,.
2003-09-02,1.7550
2003-09-03,1.7576
2003-09-04,1.7573
2003-09-05,1.7575
2003-09-08,1.7585
2003-09-09,1.7562
2003-09-10,1.7547
2003-09-11,1.7510
2003-09-12,1.7520
2003-09-15,1.7560
2003-09-16,1.7518
2003-09-17,1.7533
2003-09-18,1.7488
2003-09-19,1.7450
2003-09-22,1.7302
2003-09-23,1.7319
2003-09-24,1.7355
2003-09-25,1.7348
2003-09-26,1.7295
2003-09-29,1.7305
2003-09-30,1.7305
2003-10-01,1.7280
2003-10-02,1.7263
2003-10-03,1.7270
2003-10-06,1.7248
2003-10-07,1.7214
2003-10-08,1.7238
2003-10-09,1.7234
2003-10-10,1.7220
2003-10-13,.
2003-10-14,1.7384
2003-10-15,1.7407
2003-10-16,1.7365
2003-10-17,1.7391
2003-10-20,1.7442
2003-10-21,1.7435
2003-10-22,1.7363
2003-10-23,1.7444
2003-10-24,1.7415
2003-10-27,1.7430
2003-10-28,1.7455
2003-10-29,1.7362
2003-10-30,1.7337
2003-10-31,1.7400
2003-11-03,1.7457
2003-11-04,1.7440
2003-11-05,1.7415
2003-11-06,1.7401
2003-11-07,1.7395
2003-11-10,1.7335
2003-11-11,.
2003-11-12,1.7290
2003-11-13,1.7250
2003-11-14,1.7210
2003-11-17,1.7270
2003-11-18,1.7190
2003-11-19,1.7132
2003-11-20,1.7183
2003-11-21,1.7200
2003-11-24,1.7220
2003-11-25,1.7215
2003-11-26,1.7230
2003-11-27,.
2003-11-28,1.7240
2003-12-01,1.7243
2003-12-02,1.7205
2003-12-03,1.7188
2003-12-04,1.7150
2003-12-05,1.7145
2003-12-08,1.7122
2003-12-09,1.7135
2003-12-10,1.7150
2003-12-11,1.7164
2003-12-12,1.7100
2003-12-15,1.7100
2003-12-16,1.7059
2003-12-17,1.7090
2003-12-18,1.7084
2003-12-19,1.7095
2003-12-22,1.7096
2003-12-23,1.7078
2003-12-24,1.7060
2003-12-25,.
2003-12-26,1.7045
2003-12-29,1.7024
2003-12-30,1.7034
2003-12-31,1.6990
2004-01-01,.
2004-01-02,1.7022
2004-01-05,1.6980
2004-01-06,1.6985
2004-01-07,1.6968
2004-01-08,1.6942
2004-01-09,1.6925
2004-01-12,1.6916
2004-01-13,1.6942
2004-01-14,1.6945
2004-01-15,1.6953
2004-01-16,1.7020
2004-01-19,.
2004-01-20,1.7070
2004-01-21,1.6984
2004-01-22,1.6920
2004-01-23,1.6957
2004-01-26,1.6943
2004-01-27,1.6950
2004-01-28,1.6914
2004-01-29,1.7035
2004-01-30,1.6936
2004-02-02,1.6942
2004-02-03,1.6922
2004-02-04,1.6947
2004-02-05,1.6914
2004-02-06,1.6852
2004-02-09,1.6830
2004-02-10,1.6758
2004-02-11,1.6708
2004-02-12,1.6749
2004-02-13,1.6760
2004-02-16,.
2004-02-17,1.6744
2004-02-18,1.6775
2004-02-19,1.6843
2004-02-20,1.6936
2004-02-23,1.6942
2004-02-24,1.6898
2004-02-25,1.6930
2004-02-26,1.7028
2004-02-27,1.7030
2004-03-01,1.7048
2004-03-02,1.7087
2004-03-03,1.7135
2004-03-04,1.7158
2004-03-05,1.7112
2004-03-08,1.7088
2004-03-09,1.7050
2004-03-10,1.7145
2004-03-11,1.7125
2004-03-12,1.7118
2004-03-15,1.7080
2004-03-16,1.7010
2004-03-17,1.6997
2004-03-18,1.6883
2004-03-19,1.6946
2004-03-22,1.6888
2004-03-23,1.6873
2004-03-24,1.6887
2004-03-25,1.6898
2004-03-26,1.6910
2004-03-29,1.6890
2004-03-30,1.6836
2004-03-31,1.6750
2004-04-01,1.6720
2004-04-02,1.6750
2004-04-05,1.6815
2004-04-06,1.6830
2004-04-07,1.6740
2004-04-08,1.6780
2004-04-09,1.6780
2004-04-12,1.6675
2004-04-13,1.6713
2004-04-14,1.6805
2004-04-15,1.6830
2004-04-16,1.6762
2004-04-19,1.6813
2004-04-20,1.6800
2004-04-21,1.6920
2004-04-22,1.7000
2004-04-23,1.6970
2004-04-26,1.6965
2004-04-27,1.6965
2004-04-28,1.6973
2004-04-29,1.7049
2004-04-30,1.7017
2004-05-03,1.7028
2004-05-04,1.6962
2004-05-05,1.6853
2004-05-06,1.6895
2004-05-07,1.7024
2004-05-10,1.7268
2004-05-11,1.7256
2004-05-12,1.7220
2004-05-13,1.7257
2004-05-14,1.7275
2004-05-17,1.7280
2004-05-18,1.7260
2004-05-19,1.7137
2004-05-20,1.7207
2004-05-21,1.7150
2004-05-24,1.7155
2004-05-25,1.7155
2004-05-26,1.7125
2004-05-27,1.6998
2004-05-28,1.6984
2004-05-31,.
2004-06-01,1.7032
2004-06-02,1.7050
2004-06-03,1.7120
2004-06-04,1.7105
2004-06-07,1.7035
2004-06-08,1.7075
2004-06-09,1.7115
2004-06-10,1.7127
2004-06-11,1.7167
2004-06-14,1.7210
2004-06-15,1.7138
2004-06-16,1.7196
2004-06-17,1.7183
2004-06-18,1.7167
2004-06-21,1.7203
2004-06-22,1.7193
2004-06-23,1.7210
2004-06-24,1.7097
2004-06-25,1.7086
2004-06-28,1.7095
2004-06-29,1.7157
2004-06-30,1.7230
2004-07-01,1.7155
2004-07-02,1.7123
2004-07-05,.
2004-07-06,1.7162
2004-07-07,1.7065
2004-07-08,1.7075
2004-07-09,1.7010
2004-07-12,1.6957
2004-07-13,1.7038
2004-07-14,1.7031
2004-07-15,1.7058
2004-07-16,1.7010
2004-07-19,1.6997
2004-07-20,1.7039
2004-07-21,1.7160
2004-07-22,1.7169
2004-07-23,1.7259
2004-07-26,1.7222
2004-07-27,1.7255
2004-07-28,1.7291
2004-07-29,1.7260
2004-07-30,1.7197
2004-08-02,1.7167
2004-08-03,1.7185
2004-08-04,1.7235
2004-08-05,1.7228
2004-08-06,1.7160
2004-08-09,1.7167
2004-08-10,1.7125
2004-08-11,1.7125
2004-08-12,1.7162
2004-08-13,1.7150
2004-08-16,1.7153
2004-08-17,1.7129
2004-08-18,1.7146
2004-08-19,1.7087
2004-08-20,1.7083
2004-08-23,1.7092
2004-08-24,1.7127
2004-08-25,1.7135
2004-08-26,1.7150
2004-08-27,1.7128
2004-08-30,1.7155
2004-08-31,1.7110
2004-09-01,1.7065
2004-09-02,1.7025
2004-09-03,1.7057
2004-09-06,.
2004-09-07,1.6992
2004-09-08,1.6963
2004-09-09,1.6993
2004-09-10,1.6965
2004-09-13,1.6975
2004-09-14,1.6894
2004-09-15,1.6920
2004-09-16,1.6899
2004-09-17,1.6923
2004-09-20,1.6899
2004-09-21,1.6900
2004-09-22,1.6943
2004-09-23,1.6942
2004-09-24,1.6908
2004-09-27,1.6928
2004-09-28,1.6965
2004-09-29,1.6911
2004-09-30,1.6847
2004-10-01,1.6813
2004-10-04,1.6880
2004-10-05,1.6871
2004-10-06,1.6915
2004-10-07,1.6893
2004-10-08,1.6810
2004-10-11,.
2004-10-12,1.6860
2004-10-13,1.6858
2004-10-14,1.6828
2004-10-15,1.6780
2004-10-18,1.6774
2004-10-19,1.6735
2004-10-20,1.6724
2004-10-21,1.6736
2004-10-22,1.6674
2004-10-25,1.6633
2004-10-26,1.6628
2004-10-27,1.6657
2004-10-28,1.6636
2004-10-29,1.6635
2004-11-01,1.6675
2004-11-02,1.6675
2004-11-03,1.6656
2004-11-04,1.6537
2004-11-05,1.6534
2004-11-08,1.6506
2004-11-09,1.6528
2004-11-10,1.6569
2004-11-11,.
2004-11-12,1.6514
2004-11-15,1.6519
2004-11-16,1.6505
2004-11-17,1.6465
2004-11-18,1.6538
2004-11-19,1.6457
2004-11-22,1.6455
2004-11-23,1.6421
2004-11-24,1.6416
2004-11-25,.
2004-11-26,1.6380
2004-11-29,1.6367
2004-11-30,1.6386
2004-12-01,1.6308
2004-12-02,1.6410
2004-12-03,1.6348
2004-12-06,1.6341
2004-12-07,1.6338
2004-12-08,1.6483
2004-12-09,1.6495
2004-12-10,1.6531
2004-12-13,1.6460
2004-12-14,1.6495
2004-12-15,1.6378
2004-12-16,1.6427
2004-12-17,1.6444
2004-12-20,1.6404
2004-12-21,1.6398
2004-12-22,1.6397
2004-12-23,1.6375
2004-12-24,1.6392
2004-12-27,1.6383
2004-12-28,1.6348
2004-12-29,1.6412
2004-12-30,1.6369
2004-12-31,1.6319
2005-01-03,1.6390
2005-01-04,1.6459
2005-01-05,1.6448
2005-01-06,1.6496
2005-01-07,1.6481
2005-01-10,1.6440
2005-01-11,1.6363
2005-01-12,1.6313
2005-01-13,1.6310
2005-01-14,1.6374
2005-01-17,.
2005-01-18,1.6347
2005-01-19,1.6303
2005-01-20,1.6392
2005-01-21,1.6350
2005-01-24,1.6331
2005-01-25,1.6404
2005-01-26,1.6303
2005-01-27,1.6333
2005-01-28,1.6341
2005-01-31,1.6362
2005-02-01,1.6417
2005-02-02,1.6373
2005-02-03,1.6387
2005-02-04,1.6330
2005-02-07,1.6408
2005-02-08,1.6480
2005-02-09,1.6491
2005-02-10,1.6518
2005-02-11,1.6483
2005-02-14,1.6383
2005-02-15,1.6382
2005-02-16,1.6417
2005-02-17,1.6397
2005-02-18,1.6383
2005-02-21,.
2005-02-22,1.6266
2005-02-23,1.6274
2005-02-24,1.6300
2005-02-25,1.6317
2005-02-28,1.6240
2005-03-01,1.6221
2005-03-02,1.6255
2005-03-03,1.6268
2005-03-04,1.6250
2005-03-07,1.6246
2005-03-08,1.6203
2005-03-09,1.6180
2005-03-10,1.6187
2005-03-11,1.6184
2005-03-14,1.6233
2005-03-15,1.6233
2005-03-16,1.6196
2005-03-17,1.6230
2005-03-18,1.6248
2005-03-21,1.6293
2005-03-22,1.6348
2005-03-23,1.6395
2005-03-24,1.6442
2005-03-25,1.6427
2005-03-28,1.6510
2005-03-29,1.6512
2005-03-30,1.6504
2005-03-31,1.6508
2005-04-01,1.6588
2005-04-04,1.6663
2005-04-05,1.6615
2005-04-06,1.6600
2005-04-07,1.6568
2005-04-08,1.6542
2005-04-11,1.6490
2005-04-12,1.6498
2005-04-13,1.6440
2005-04-14,1.6558
2005-04-15,1.6554
2005-04-18,1.6545
2005-04-19,1.6499
2005-04-20,1.6460
2005-04-21,1.6470
2005-04-22,1.6455
2005-04-25,1.6458
2005-04-26,1.6477
2005-04-27,1.6465
2005-04-28,1.6448
2005-04-29,1.6337
2005-05-02,1.6374
2005-05-03,1.6385
2005-05-04,1.6365
2005-05-05,1.6364
2005-05-06,1.6412
2005-05-09,1.6443
2005-05-10,1.6436
2005-05-11,1.6441
2005-05-12,1.6540
2005-05-13,1.6575
2005-05-16,1.6565
2005-05-17,1.6537
2005-05-18,1.6512
2005-05-19,1.6554
2005-05-20,1.6635
2005-05-23,1.6595
2005-05-24,1.6540
2005-05-25,1.6568
2005-05-26,1.6590
2005-05-27,1.6591
2005-05-30,.
2005-05-31,1.6630
2005-06-01,1.6742
2005-06-02,1.6713
2005-06-03,1.6680
2005-06-06,1.6624
2005-06-07,1.6612
2005-06-08,1.6584
2005-06-09,1.6636
2005-06-10,1.6693
2005-06-13,1.6793
2005-06-14,1.6758
2005-06-15,1.6736
2005-06-16,1.6748
2005-06-17,1.6700
2005-06-20,1.6745
2005-06-21,1.6698
2005-06-22,1.6723
2005-06-23,1.6704
2005-06-24,1.6733
2005-06-27,1.6756
2005-06-28,1.6822
2005-06-29,1.6846
2005-06-30,1.6868
2005-07-01,1.6914
2005-07-04,.
2005-07-05,1.6946
2005-07-06,1.6968
2005-07-07,1.6985
2005-07-08,1.7015
2005-07-11,1.6949
2005-07-12,1.6860
2005-07-13,1.6924
2005-07-14,1.6890
2005-07-15,1.6875
2005-07-18,1.6848
2005-07-19,1.6910
2005-07-20,1.6890
2005-07-21,1.6535
2005-07-22,1.6584
2005-07-25,1.6618
2005-07-26,1.6682
2005-07-27,1.6642
2005-07-28,1.6651
2005-07-29,1.6610
2005-08-01,1.6602
2005-08-02,1.6545
2005-08-03,1.6511
2005-08-04,1.6520
2005-08-05,1.6542
2005-08-08,1.6532
2005-08-09,1.6538
2005-08-10,1.6462
2005-08-11,1.6479
2005-08-12,1.6510
2005-08-15,1.6600
2005-08-16,1.6562
2005-08-17,1.6575
2005-08-18,1.6654
2005-08-19,1.6712
2005-08-22,1.6672
2005-08-23,1.6680
2005-08-24,1.6697
2005-08-25,1.6708
2005-08-26,1.6732
2005-08-29,1.6806
2005-08-30,1.6860
2005-08-31,1.6830
2005-09-01,1.6771
2005-09-02,1.6747
2005-09-05,.
2005-09-06,1.6758
2005-09-07,1.6781
2005-09-08,1.6778
2005-09-09,1.6738
2005-09-12,1.6771
2005-09-13,1.6827
2005-09-14,1.6787
2005-09-15,1.6790
2005-09-16,1.6820
2005-09-19,1.6828
2005-09-20,1.6815
2005-09-21,1.6794
2005-09-22,1.6810
2005-09-23,1.6846
2005-09-26,1.6893
2005-09-27,1.6935
2005-09-28,1.6930
2005-09-29,1.6908
2005-09-30,1.6899
2005-10-03,1.6952
2005-10-04,1.6942
2005-10-05,1.6915
2005-10-06,1.6825
2005-10-07,1.6842
2005-10-10,.
2005-10-11,1.6902
2005-10-12,1.6910
2005-10-13,1.6945
2005-10-14,1.6881
2005-10-17,1.6918
2005-10-18,1.6942
2005-10-19,1.6946
2005-10-20,1.6937
2005-10-21,1.6959
2005-10-24,1.6935
2005-10-25,1.6887
2005-10-26,1.6927
2005-10-27,1.6865
2005-10-28,1.6924
2005-10-31,1.6955
2005-11-01,1.6951
2005-11-02,1.6943
2005-11-03,1.6968
2005-11-04,1.7000
2005-11-07,1.6996
2005-11-08,1.7012
2005-11-09,1.7020
2005-11-10,1.7024
2005-11-11,.
2005-11-14,1.7058
2005-11-15,1.7020
2005-11-16,1.7026
2005-11-17,1.7002
2005-11-18,1.6995
2005-11-21,1.6990
2005-11-22,1.6997
2005-11-23,1.6920
2005-11-24,.
2005-11-25,1.6937
2005-11-28,1.6933
2005-11-29,1.6927
2005-11-30,1.6908
2005-12-01,1.6906
2005-12-02,1.6880
2005-12-05,1.6866
2005-12-06,1.6853
2005-12-07,1.6860
2005-12-08,1.6830
2005-12-09,1.6820
2005-12-12,1.6800
2005-12-13,1.6741
2005-12-14,1.6691
2005-12-15,1.6679
2005-12-16,1.6665
2005-12-19,1.6621
2005-12-20,1.6654
2005-12-21,1.6676
2005-12-22,1.6693
2005-12-23,1.6656
2005-12-26,.
2005-12-27,1.6670
2005-12-28,1.6655
2005-12-29,1.6646
2005-12-30,1.6628
2006-01-02,.
2006-01-03,1.6521
2006-01-04,1.6450
2006-01-05,1.6466
2006-01-06,1.6384
2006-01-09,1.6362
2006-01-10,1.6343
2006-01-11,1.6280
2006-01-12,1.6261
2006-01-13,1.6285
2006-01-16,.
2006-01-17,1.6355
2006-01-18,1.6298
2006-01-19,1.6296
2006-01-20,1.6270
2006-01-23,1.6208
2006-01-24,1.6217
2006-01-25,1.6206
2006-01-26,1.6240
2006-01-27,1.6250
2006-01-30,1.6296
2006-01-31,1.6219
2006-02-01,1.6285
2006-02-02,1.6325
2006-02-03,1.6350
2006-02-06,1.6278
2006-02-07,1.6280
2006-02-08,1.6330
2006-02-09,1.6285
2006-02-10,1.6247
2006-02-13,1.6282
2006-02-14,1.6276
2006-02-15,1.6283
2006-02-16,1.6353
2006-02-17,1.6333
2006-02-20,.
2006-02-21,1.6302
2006-02-22,1.6312
2006-02-23,1.6247
2006-02-24,1.6235
2006-02-27,1.6217
2006-02-28,1.6211
2006-03-01,1.6186
2006-03-02,1.6145
2006-03-03,1.6206
2006-03-06,1.6282
2006-03-07,1.6318
2006-03-08,1.6310
2006-03-09,1.6293
2006-03-10,1.6278
2006-03-13,1.6267
2006-03-14,1.6215
2006-03-15,1.6188
2006-03-16,1.6178
2006-03-17,1.6170
2006-03-20,1.6143
2006-03-21,1.6196
2006-03-22,1.6158
2006-03-23,1.6188
2006-03-24,1.6195
2006-03-27,1.6191
2006-03-28,1.6194
2006-03-29,1.6210
2006-03-30,1.6177
2006-03-31,1.6157
2006-04-03,1.6156
2006-04-04,1.6091
2006-04-05,1.6071
2006-04-06,1.6074
2006-04-07,1.6060
2006-04-10,1.6078
2006-04-11,1.6151
2006-04-12,1.6121
2006-04-13,1.6080
2006-04-14,1.6080
2006-04-17,1.6016
2006-04-18,1.6008
2006-04-19,1.5974
2006-04-20,1.5980
2006-04-21,1.5960
2006-04-24,1.5865
2006-04-25,1.5885
2006-04-26,1.5869
2006-04-27,1.5835
2006-04-28,1.5809
2006-05-01,1.5787
2006-05-02,1.5780
2006-05-03,1.5720
2006-05-04,1.5764
2006-05-05,1.5710
2006-05-08,1.5674
2006-05-09,1.5673
2006-05-10,1.5632
2006-05-11,1.5630
2006-05-12,1.5686
2006-05-15,1.5825
2006-05-16,1.5772
2006-05-17,1.5753
2006-05-18,1.5783
2006-05-19,1.5818
2006-05-22,1.5840
2006-05-23,1.5770
2006-05-24,1.5898
2006-05-25,1.5770
2006-05-26,1.5820
2006-05-29,.
2006-05-30,1.5753
2006-05-31,1.5759
2006-06-01,1.5815
2006-06-02,1.5732
2006-06-05,1.5740
2006-06-06,1.5824
2006-06-07,1.5838
2006-06-08,1.5977
2006-06-09,1.5933
2006-06-12,1.5945
2006-06-13,1.5975
2006-06-14,1.5937
2006-06-15,1.5917
2006-06-16,1.5934
2006-06-19,1.5975
2006-06-20,1.5943
2006-06-21,1.5908
2006-06-22,1.5962
2006-06-23,1.5979
2006-06-26,1.6010
2006-06-27,1.5956
2006-06-28,1.5986
2006-06-29,1.5955
2006-06-30,1.5830
2006-07-03,1.5849
2006-07-04,.
2006-07-05,1.5857
2006-07-06,1.5817
2006-07-07,1.5739
2006-07-10,1.5744
2006-07-11,1.5780
2006-07-12,1.5842
2006-07-13,1.5835
2006-07-14,1.5891
2006-07-17,1.5940
2006-07-18,1.5930
2006-07-19,1.5900
2006-07-20,1.5852
2006-07-21,1.5823
2006-07-24,1.5871
2006-07-25,1.5872
2006-07-26,1.5822
2006-07-27,1.5783
2006-07-28,1.5791
2006-07-31,1.5792
2006-08-01,1.5810
2006-08-02,1.5817
2006-08-03,1.5785
2006-08-04,1.5726
2006-08-07,1.5725
2006-08-08,1.5732
2006-08-09,1.5722
2006-08-10,1.5720
2006-08-11,1.5792
2006-08-14,1.5795
2006-08-15,1.5772
2006-08-16,1.5728
2006-08-17,1.5727
2006-08-18,1.5736
2006-08-21,1.5712
2006-08-22,1.5740
2006-08-23,1.5728
2006-08-24,1.5775
2006-08-25,1.5802
2006-08-28,1.5783
2006-08-29,1.5755
2006-08-30,1.5740
2006-08-31,1.5730
2006-09-01,1.5721
2006-09-04,.
2006-09-05,1.5676
2006-09-06,1.5704
2006-09-07,1.5697
2006-09-08,1.5722
2006-09-11,1.5764
2006-09-12,1.5771
2006-09-13,1.5756
2006-09-14,1.5782
2006-09-15,1.5839
2006-09-18,1.5878
2006-09-19,1.5900
2006-09-20,1.5846
2006-09-21,1.5807
2006-09-22,1.5843
2006-09-25,1.5860
2006-09-26,1.5890
2006-09-27,1.5877
2006-09-28,1.5867
2006-09-29,1.5859
2006-10-02,1.5841
2006-10-03,1.5818
2006-10-04,1.5845
2006-10-05,1.5841
2006-10-06,1.5893
2006-10-09,.
2006-10-10,1.5904
2006-10-11,1.5876
2006-10-12,1.5836
2006-10-13,1.5876
2006-10-16,1.5843
2006-10-17,1.5775
2006-10-18,1.5761
2006-10-19,1.5739
2006-10-20,1.5742
2006-10-23,1.5766
2006-10-24,1.5743
2006-10-25,1.5716
2006-10-26,1.5675
2006-10-27,1.5597
2006-10-30,1.5612
2006-10-31,1.5575
2006-11-01,1.5602
2006-11-02,1.5612
2006-11-03,1.5618
2006-11-06,1.5662
2006-11-07,1.5592
2006-11-08,1.5603
2006-11-09,1.5593
2006-11-10,1.5553
2006-11-13,1.5588
2006-11-14,1.5571
2006-11-15,1.5596
2006-11-16,1.5575
2006-11-17,1.5573
2006-11-20,1.5567
2006-11-21,1.5583
2006-11-22,1.5526
2006-11-23,.
2006-11-24,1.5502
2006-11-27,1.5494
2006-11-28,1.5498
2006-11-29,1.5446
2006-11-30,1.5373
2006-12-01,1.5397
2006-12-04,1.5400
2006-12-05,1.5390
2006-12-06,1.5383
2006-12-07,1.5376
2006-12-08,1.5442
2006-12-11,1.5436
2006-12-12,1.5428
2006-12-13,1.5392
2006-12-14,1.5394
2006-12-15,1.5414
2006-12-18,1.5456
2006-12-19,1.5411
2006-12-20,1.5388
2006-12-21,1.5428
2006-12-22,1.5416
2006-12-25,.
2006-12-26,1.5403
2006-12-27,1.5377
2006-12-28,1.5344
2006-12-29,1.5338
2007-01-01,.
2007-01-02,1.5316
2007-01-03,1.5340
2007-01-04,1.5383
2007-01-05,1.5377
2007-01-08,1.5362
2007-01-09,1.5361
2007-01-10,1.5382
2007-01-11,1.5426
2007-01-12,1.5428
2007-01-15,.
2007-01-16,1.5393
2007-01-17,1.5373
2007-01-18,1.5380
2007-01-19,1.5375
2007-01-22,1.5377
2007-01-23,1.5343
2007-01-24,1.5353
2007-01-25,1.5347
2007-01-26,1.5385
2007-01-29,1.5392
2007-01-30,1.5375
2007-01-31,1.5362
2007-02-01,1.5342
2007-02-02,1.5358
2007-02-05,1.5337
2007-02-06,1.5330
2007-02-07,1.5315
2007-02-08,1.5322
2007-02-09,1.5335
2007-02-12,1.5409
2007-02-13,1.5424
2007-02-14,1.5368
2007-02-15,1.5349
2007-02-16,1.5315
2007-02-19,.
2007-02-20,1.5342
2007-02-21,1.5332
2007-02-22,1.5335
2007-02-23,1.5306
2007-02-26,1.5275
2007-02-27,1.5258
2007-02-28,1.5281
2007-03-01,1.5267
2007-03-02,1.5265
2007-03-05,1.5312
2007-03-06,1.5286
2007-03-07,1.5260
2007-03-08,1.5277
2007-03-09,1.5260
2007-03-12,1.5268
2007-03-13,1.5288
2007-03-14,1.5338
2007-03-15,1.5326
2007-03-16,1.5254
2007-03-19,1.5251
2007-03-20,1.5259
2007-03-21,1.5230
2007-03-22,1.5176
2007-03-23,1.5177
2007-03-26,1.5151
2007-03-27,1.5156
2007-03-28,1.5174
2007-03-29,1.5174
2007-03-30,1.5173
2007-04-02,1.5208
2007-04-03,1.5184
2007-04-04,1.5145
2007-04-05,1.5127
2007-04-06,1.5134
2007-04-09,1.5133
2007-04-10,1.5163
2007-04-11,1.5175
2007-04-12,1.5182
2007-04-13,1.5163
2007-04-16,1.5140
2007-04-17,1.5130
2007-04-18,1.5119
2007-04-19,1.5124
2007-04-20,1.5109
2007-04-23,1.5122
2007-04-24,1.5142
2007-04-25,1.5110
2007-04-26,1.5156
2007-04-27,1.5182
2007-04-30,1.5197
2007-05-01,1.5210
2007-05-02,1.5260
2007-05-03,1.5233
2007-05-04,1.5154
2007-05-07,1.5138
2007-05-08,1.5160
2007-05-09,1.5157
2007-05-10,1.5179
2007-05-11,1.5171
2007-05-14,1.5158
2007-05-15,1.5149
2007-05-16,1.5223
2007-05-17,1.5266
2007-05-18,1.5257
2007-05-21,1.5275
2007-05-22,1.5331
2007-05-23,1.5289
2007-05-24,1.5288
2007-05-25,1.5286
2007-05-28,.
2007-05-29,1.5279
2007-05-30,1.5307
2007-05-31,1.5307
2007-06-01,1.5312
2007-06-04,1.5300
2007-06-05,1.5300
2007-06-06,1.5332
2007-06-07,1.5360
2007-06-08,1.5415
2007-06-11,1.5415
2007-06-12,1.5411
2007-06-13,1.5439
2007-06-14,1.5423
2007-06-15,1.5390
2007-06-18,1.5371
2007-06-19,1.5378
2007-06-20,1.5359
2007-06-21,1.5356
2007-06-22,1.5385
2007-06-25,1.5365
2007-06-26,1.5376
2007-06-27,1.5380
2007-06-28,1.5333
2007-06-29,1.5300
2007-07-02,1.5230
2007-07-03,1.5228
2007-07-04,.
2007-07-05,1.5211
2007-07-06,1.5195
2007-07-09,1.5203
2007-07-10,1.5163
2007-07-11,1.5152
2007-07-12,1.5155
2007-07-13,1.5157
2007-07-16,1.5169
2007-07-17,1.5179
2007-07-18,1.5167
2007-07-19,1.5123
2007-07-20,1.5115
2007-07-23,1.5076
2007-07-24,1.5046
2007-07-25,1.5108
2007-07-26,1.5146
2007-07-27,1.5153
2007-07-30,1.5133
2007-07-31,1.5157
2007-08-01,1.5200
2007-08-02,1.5174
2007-08-03,1.5157
2007-08-06,1.5150
2007-08-07,1.5161
2007-08-08,1.5105
2007-08-09,1.5167
2007-08-10,1.5235
2007-08-13,1.5194
2007-08-14,1.5228
2007-08-15,1.5321
2007-08-16,1.5349
2007-08-17,1.5304
2007-08-20,1.5269
2007-08-21,1.5320
2007-08-22,1.5260
2007-08-23,1.5251
2007-08-24,1.5210
2007-08-27,1.5191
2007-08-28,1.5257
2007-08-29,1.5220
2007-08-30,1.5230
2007-08-31,1.5242
2007-09-03,1.5242
2007-09-04,1.5260
2007-09-05,1.5267
2007-09-06,1.5228
2007-09-07,1.5231
2007-09-10,1.5245
2007-09-11,1.5197
2007-09-12,1.5138
2007-09-13,1.5090
2007-09-14,1.5115
2007-09-17,1.5145
2007-09-18,1.5165
2007-09-19,1.5062
2007-09-20,1.5010
2007-09-21,1.5055
2007-09-24,1.4998
2007-09-25,1.5014
2007-09-26,1.4975
2007-09-27,1.4915
2007-09-28,1.4840
2007-10-01,1.4755
2007-10-02,1.4836
2007-10-03,1.4795
2007-10-04,1.4798
2007-10-05,1.4703
2007-10-08,1.4703
2007-10-09,1.4730
2007-10-10,1.4657
2007-10-11,1.4613
2007-10-12,1.4636
2007-10-15,1.4653
2007-10-16,1.4679
2007-10-17,1.4635
2007-10-18,1.4609
2007-10-19,1.4618
2007-10-22,1.4665
2007-10-23,1.4644
2007-10-24,1.4618
2007-10-25,1.4557
2007-10-26,1.4527
2007-10-29,1.4519
2007-10-30,1.4507
2007-10-31,1.4485
2007-11-01,1.4499
2007-11-02,1.4492
2007-11-05,1.4502
2007-11-06,1.4469
2007-11-07,1.4387
2007-11-08,1.4386
2007-11-09,1.4422
2007-11-12,.
2007-11-13,1.4475
2007-11-14,1.4467
2007-11-15,1.4514
2007-11-16,1.4518
2007-11-19,1.4487
2007-11-20,1.4483
2007-11-21,1.4528
2007-11-22,1.4528
2007-11-23,1.4405
2007-11-26,1.4415
2007-11-27,1.4419
2007-11-28,1.4452
2007-11-29,1.4485
2007-11-30,1.4455
2007-12-03,1.4484
2007-12-04,1.4453
2007-12-05,1.4466
2007-12-06,1.4440
2007-12-07,1.4396
2007-12-10,1.4395
2007-12-11,1.4416
2007-12-12,1.4412
2007-12-13,1.4416
2007-12-14,1.4509
2007-12-17,1.4625
2007-12-18,1.4594
2007-12-19,1.4613
2007-12-20,1.4603
2007-12-21,1.4556
2007-12-24,1.4516
2007-12-25,.
2007-12-26,1.4527
2007-12-27,1.4490
2007-12-28,1.4465
2007-12-31,1.4360
2008-01-01,.
2008-01-02,1.4375
2008-01-03,1.4351
2008-01-04,1.4322
2008-01-07,1.4365
2008-01-08,1.4320
2008-01-09,1.4313
2008-01-10,1.4325
2008-01-11,1.4315
2008-01-14,1.4294
2008-01-15,1.4291
2008-01-16,1.4300
2008-01-17,1.4343
2008-01-18,1.4381
2008-01-21,.
2008-01-22,1.4359
2008-01-23,1.4343
2008-01-24,1.4265
2008-01-25,1.4236
2008-01-28,1.4207
2008-01-29,1.4225
2008-01-30,1.4194
2008-01-31,1.4165
2008-02-01,1.4136
2008-02-04,1.4143
2008-02-05,1.4191
2008-02-06,1.4151
2008-02-07,1.4165
2008-02-08,1.4174
2008-02-11,1.4190
2008-02-12,1.4153
2008-02-13,1.4191
2008-02-14,1.4177
2008-02-15,1.4120
2008-02-18,.
2008-02-19,1.4127
2008-02-20,1.4111
2008-02-21,1.4100
2008-02-22,1.4056
2008-02-25,1.4057
2008-02-26,1.4047
2008-02-27,1.3960
2008-02-28,1.3934
2008-02-29,1.3935
2008-03-03,1.3914
2008-03-04,1.3896
2008-03-05,1.3891
2008-03-06,1.3859
2008-03-07,1.3842
2008-03-10,1.3873
2008-03-11,1.3865
2008-03-12,1.3855
2008-03-13,1.3795
2008-03-14,1.3812
2008-03-17,1.3799
2008-03-18,1.3775
2008-03-19,1.3846
2008-03-20,1.3892
2008-03-21,1.3860
2008-03-24,1.3902
2008-03-25,1.3835
2008-03-26,1.3800
2008-03-27,1.3791
2008-03-28,1.3807
2008-03-31,1.3786
2008-04-01,1.3782
2008-04-02,1.3788
2008-04-03,1.3852
2008-04-04,1.3816
2008-04-07,1.3803
2008-04-08,1.3804
2008-04-09,1.3772
2008-04-10,1.3576
2008-04-11,1.3567
2008-04-14,1.3577
2008-04-15,1.3581
2008-04-16,1.3508
2008-04-17,1.3523
2008-04-18,1.3587
2008-04-21,1.3545
2008-04-22,1.3503
2008-04-23,1.3522
2008-04-24,1.3596
2008-04-25,1.3636
2008-04-28,1.3619
2008-04-29,1.3608
2008-04-30,1.3576
2008-05-01,1.3605
2008-05-02,1.3638
2008-05-05,1.3591
2008-05-06,1.3588
2008-05-07,1.3666
2008-05-08,1.3745
2008-05-09,1.3685
2008-05-12,1.3663
2008-05-13,1.3707
2008-05-14,1.3788
2008-05-15,1.3776
2008-05-16,1.3688
2008-05-19,1.3710
2008-05-20,1.3657
2008-05-21,1.3578
2008-05-22,1.3602
2008-05-23,1.3583
2008-05-26,.
2008-05-27,1.3626
2008-05-28,1.3650
2008-05-29,1.3668
2008-05-30,1.3635
2008-06-02,1.3631
2008-06-03,1.3634
2008-06-04,1.3643
2008-06-05,1.3670
2008-06-06,1.3628
2008-06-09,1.3635
2008-06-10,1.3723
2008-06-11,1.3715
2008-06-12,1.3796
2008-06-13,1.3802
2008-06-16,1.3725
2008-06-17,1.3682
2008-06-18,1.3700
2008-06-19,1.3690
2008-06-20,1.3645
2008-06-23,1.3687
2008-06-24,1.3656
2008-06-25,1.3698
2008-06-26,1.3651
2008-06-27,1.3632
2008-06-30,1.3608
2008-07-01,1.3617
2008-07-02,1.3574
2008-07-03,1.3628
2008-07-04,.
2008-07-07,1.3650
2008-07-08,1.3651
2008-07-09,1.3583
2008-07-10,1.3605
2008-07-11,1.3561
2008-07-14,1.3527
2008-07-15,1.3472
2008-07-16,1.3480
2008-07-17,1.3507
2008-07-18,1.3512
2008-07-21,1.3522
2008-07-22,1.3578
2008-07-23,1.3643
2008-07-24,1.3616
2008-07-25,1.3607
2008-07-28,1.3626
2008-07-29,1.3678
2008-07-30,1.3681
2008-07-31,1.3676
2008-08-01,1.3725
2008-08-04,1.3732
2008-08-05,1.3797
2008-08-06,1.3821
2008-08-07,1.3923
2008-08-08,1.4037
2008-08-11,1.4115
2008-08-12,1.4084
2008-08-13,1.4032
2008-08-14,1.4100
2008-08-15,1.4170
2008-08-18,1.4133
2008-08-19,1.4158
2008-08-20,1.4145
2008-08-21,1.4071
2008-08-22,1.4102
2008-08-25,1.4153
2008-08-26,1.4255
2008-08-27,1.4194
2008-08-28,1.4185
2008-08-29,1.4167
2008-09-01,.
2008-09-02,1.4308
2008-09-03,1.4350
2008-09-04,1.4360
2008-09-05,1.4346
2008-09-08,1.4296
2008-09-09,1.4323
2008-09-10,1.4338
2008-09-11,1.4440
2008-09-12,1.4287
2008-09-15,1.4292
2008-09-16,1.4362
2008-09-17,1.4337
2008-09-18,1.4320
2008-09-19,1.4256
2008-09-22,1.4132
2008-09-23,1.4137
2008-09-24,1.4230
2008-09-25,1.4231
2008-09-26,1.4280
2008-09-29,1.4288
2008-09-30,1.4331
2008-10-01,1.4366
2008-10-02,1.4483
2008-10-03,1.4506
2008-10-06,1.4686
2008-10-07,1.4622
2008-10-08,1.4660
2008-10-09,1.4727
2008-10-10,1.4830
2008-10-13,.
2008-10-14,1.4620
2008-10-15,1.4703
2008-10-16,1.4815
2008-10-17,1.4792
2008-10-20,1.4777
2008-10-21,1.4835
2008-10-22,1.4995
2008-10-23,1.5053
2008-10-24,1.5077
2008-10-27,1.5111
2008-10-28,1.5026
2008-10-29,1.4988
2008-10-30,1.4732
2008-10-31,1.4841
2008-11-03,1.4792
2008-11-04,1.4720
2008-11-05,1.4753
2008-11-06,1.4997
2008-11-07,1.4965
2008-11-10,1.4915
2008-11-11,.
2008-11-12,1.5075
2008-11-13,1.5190
2008-11-14,1.5205
2008-11-17,1.5212
2008-11-18,1.5270
2008-11-19,1.5279
2008-11-20,1.5306
2008-11-21,1.5302
2008-11-24,1.5102
2008-11-25,1.5107
2008-11-26,1.5098
2008-11-27,.
2008-11-28,1.5082
2008-12-01,1.5310
2008-12-02,1.5289
2008-12-03,1.5275
2008-12-04,1.5228
2008-12-05,1.5240
2008-12-08,1.5029
2008-12-09,1.5036
2008-12-10,1.4970
2008-12-11,1.4855
2008-12-12,1.4880
2008-12-15,1.4756
2008-12-16,1.4685
2008-12-17,1.4415
2008-12-18,1.4333
2008-12-19,1.4590
2008-12-22,1.4477
2008-12-23,1.4492
2008-12-24,1.4455
2008-12-25,.
2008-12-26,1.4494
2008-12-29,1.4370
2008-12-30,1.4372
2008-12-31,1.4377
2009-01-01,.
2009-01-02,1.4513
2009-01-05,1.4730
2009-01-06,1.4750
2009-01-07,1.4707
2009-01-08,1.4780
2009-01-09,1.4843
2009-01-12,1.4880
2009-01-13,1.4872
2009-01-14,1.4925
2009-01-15,1.4972
2009-01-16,1.4902
2009-01-19,.
2009-01-20,1.5078
2009-01-21,1.5062
2009-01-22,1.4972
2009-01-23,1.5054
2009-01-26,1.4993
2009-01-27,1.5072
2009-01-28,1.4988
2009-01-29,1.5068
2009-01-30,1.5106
2009-02-02,1.5145
2009-02-03,1.5082
2009-02-04,1.5056
2009-02-05,1.5040
2009-02-06,1.4952
2009-02-09,1.4921
2009-02-10,1.5040
2009-02-11,1.5050
2009-02-12,1.5118
2009-02-13,1.5077
2009-02-16,.
2009-02-17,1.5283
2009-02-18,1.5316
2009-02-19,1.5264
2009-02-20,1.5356
2009-02-23,1.5290
2009-02-24,1.5275
2009-02-25,1.5294
2009-02-26,1.5367
2009-02-27,1.5461
2009-03-02,1.5565
2009-03-03,1.5526
2009-03-04,1.5452
2009-03-05,1.5532
2009-03-06,1.5450
2009-03-09,1.5489
2009-03-10,1.5346
2009-03-11,1.5315
2009-03-12,1.5355
2009-03-13,1.5429
2009-03-16,1.5310
2009-03-17,1.5325
2009-03-18,1.5271
2009-03-19,1.5060
2009-03-20,1.5138
2009-03-23,1.5096
2009-03-24,1.5112
2009-03-25,1.5086
2009-03-26,1.5087
2009-03-27,1.5138
2009-03-30,1.5226
2009-03-31,1.5206
2009-04-01,1.5215
2009-04-02,1.4980
2009-04-03,1.5065
2009-04-06,1.5066
2009-04-07,1.5102
2009-04-08,1.5172
2009-04-09,1.5158
2009-04-10,1.5182
2009-04-13,1.5148
2009-04-14,1.4967
2009-04-15,1.5025
2009-04-16,1.4967
2009-04-17,1.4998
2009-04-20,1.5087
2009-04-21,1.5046
2009-04-22,1.5049
2009-04-23,1.5015
2009-04-24,1.4873
2009-04-27,1.4933
2009-04-28,1.4975
2009-04-29,1.4820
2009-04-30,1.4772
2009-05-01,1.4810
2009-05-04,1.4747
2009-05-05,1.4716
2009-05-06,1.4715
2009-05-07,1.4655
2009-05-08,1.4630
2009-05-11,1.4612
2009-05-12,1.4593
2009-05-13,1.4635
2009-05-14,1.4647
2009-05-15,1.4683
2009-05-18,1.4653
2009-05-19,1.4616
2009-05-20,1.4569
2009-05-21,1.4580
2009-05-22,1.4406
2009-05-25,.
2009-05-26,1.4482
2009-05-27,1.4505
2009-05-28,1.4512
2009-05-29,1.4453
2009-06-01,1.4418
2009-06-02,1.4380
2009-06-03,1.4430
2009-06-04,1.4455
2009-06-05,1.4520
2009-06-08,1.4575
2009-06-09,1.4561
2009-06-10,1.4540
2009-06-11,1.4480
2009-06-12,1.4494
2009-06-15,1.4608
2009-06-16,1.4588
2009-06-17,1.4584
2009-06-18,1.4543
2009-06-19,1.4528
2009-06-22,1.4586
2009-06-23,1.4558
2009-06-24,1.4534
2009-06-25,1.4568
2009-06-26,1.4536
2009-06-29,1.4527
2009-06-30,1.4480
2009-07-01,1.4430
2009-07-02,1.4512
2009-07-03,1.4530
2009-07-06,1.4560
2009-07-07,1.4580
2009-07-08,1.4639
2009-07-09,1.4581
2009-07-10,1.4633
2009-07-13,1.4625
2009-07-14,1.4594
2009-07-15,1.4516
2009-07-16,1.4520
2009-07-17,1.4494
2009-07-20,1.4400
2009-07-21,1.4429
2009-07-22,1.4423
2009-07-23,1.4388
2009-07-24,1.4395
2009-07-27,1.4397
2009-07-28,1.4398
2009-07-29,1.4465
2009-07-30,1.4430
2009-07-31,1.4390
2009-08-03,1.4323
2009-08-04,1.4325
2009-08-05,1.4340
2009-08-06,1.4360
2009-08-07,1.4400
2009-08-10,1.4422
2009-08-11,1.4478
2009-08-12,1.4430
2009-08-13,1.4425
2009-08-14,1.4448
2009-08-17,1.4505
2009-08-18,1.4510
2009-08-19,1.4487
2009-08-20,1.4451
2009-08-21,1.4392
2009-08-24,1.4412
2009-08-25,1.4408
2009-08-26,1.4459
2009-08-27,1.4448
2009-08-28,1.4381
2009-08-31,1.4414
2009-09-01,1.4440
2009-09-02,1.4428
2009-09-03,1.4392
2009-09-04,1.4380
2009-09-07,.
2009-09-08,1.4259
2009-09-09,1.4237
2009-09-10,1.4265
2009-09-11,1.4217
2009-09-14,1.4224
2009-09-15,1.4218
2009-09-16,1.4117
2009-09-17,1.4132
2009-09-18,1.4162
2009-09-21,1.4163
2009-09-22,1.4120
2009-09-23,1.4129
2009-09-24,1.4160
2009-09-25,1.4144
2009-09-28,1.4162
2009-09-29,1.4186
2009-09-30,1.4087
2009-10-01,1.4142
2009-10-02,1.4133
2009-10-05,1.4105
2009-10-06,1.4000
2009-10-07,1.4010
2009-10-08,1.3898
2009-10-09,1.3927
2009-10-12,.
2009-10-13,1.3975
2009-10-14,1.3914
2009-10-15,1.3890
2009-10-16,1.3919
2009-10-19,1.3891
2009-10-20,1.3960
2009-10-21,1.3910
2009-10-22,1.3948
2009-10-23,1.3929
2009-10-26,1.3947
2009-10-27,1.3978
2009-10-28,1.4015
2009-10-29,1.3982
2009-10-30,1.3980
2009-11-02,1.3965
2009-11-03,1.4018
2009-11-04,1.3958
2009-11-05,1.3956
2009-11-06,1.3928
2009-11-09,1.3862
2009-11-10,1.3878
2009-11-11,.
2009-11-12,1.3889
2009-11-13,1.3862
2009-11-16,1.3849
2009-11-17,1.3877
2009-11-18,1.3829
2009-11-19,1.3890
2009-11-20,1.3880
2009-11-23,1.3858
2009-11-24,1.3857
2009-11-25,1.3795
2009-11-26,.
2009-11-27,1.3870
2009-11-30,1.3845
2009-12-01,1.3796
2009-12-02,1.3796
2009-12-03,1.3806
2009-12-04,1.3865
2009-12-07,1.3890
2009-12-08,1.3926
2009-12-09,1.3899
2009-12-10,1.3892
2009-12-11,1.3924
2009-12-14,1.3913
2009-12-15,1.3943
2009-12-16,1.3964
2009-12-17,1.4040
2009-12-18,1.4033
2009-12-21,1.4053
2009-12-22,1.4076
2009-12-23,1.4082
2009-12-24,1.4070
2009-12-25,.
2009-12-28,1.4060
2009-12-29,1.4045
2009-12-30,1.4048
2009-12-31,1.4035
2010-01-01,.
2010-01-04,1.3971
2010-01-05,1.3956
2010-01-06,1.3945
2010-01-07,1.3971
2010-01-08,1.3941
2010-01-11,1.3878
2010-01-12,1.3884
2010-01-13,1.3885
2010-01-14,1.3879
2010-01-15,1.3910
2010-01-18,.
2010-01-19,1.3908
2010-01-20,1.4006
2010-01-21,1.4010
2010-01-22,1.4020
2010-01-25,1.3995
2010-01-26,1.4044
2010-01-27,1.4044
2010-01-28,1.4025
2010-01-29,1.4055
2010-02-01,1.4122
2010-02-02,1.4092
2010-02-03,1.4121
2010-02-04,1.4200
2010-02-05,1.4228
2010-02-08,1.4214
2010-02-09,1.4165
2010-02-10,1.4178
2010-02-11,1.4129
2010-02-12,1.4115
2010-02-15,.
2010-02-16,1.4059
2010-02-17,1.4063
2010-02-18,1.4077
2010-02-19,1.4126
2010-02-22,1.4085
2010-02-23,1.4105
2010-02-24,1.4085
2010-02-25,1.4107
2010-02-26,1.4049
2010-03-01,1.4059
2010-03-02,1.4035
2010-03-03,1.3981
2010-03-04,1.4001
2010-03-05,1.3991
2010-03-08,1.3992
2010-03-09,1.3983
2010-03-10,1.3976
2010-03-11,1.3977
2010-03-12,1.3940
2010-03-15,1.3981
2010-03-16,1.3949
2010-03-17,1.3930
2010-03-18,1.3960
2010-03-19,1.3980
2010-03-22,1.4025
2010-03-23,1.3999
2010-03-24,1.4055
2010-03-25,1.4055
2010-03-26,1.4033
2010-03-29,1.3988
2010-03-30,1.3997
2010-03-31,1.3986
2010-04-01,1.3965
2010-04-02,1.3985
2010-04-05,1.3971
2010-04-06,1.3966
2010-04-07,1.3946
2010-04-08,1.3941
2010-04-09,1.3890
2010-04-12,1.3902
2010-04-13,1.3922
2010-04-14,1.3732
2010-04-15,1.3744
2010-04-16,1.3746
2010-04-19,1.3795
2010-04-20,1.3749
2010-04-21,1.3723
2010-04-22,1.3733
2010-04-23,1.3710
2010-04-26,1.3679
2010-04-27,1.3722
2010-04-28,1.3763
2010-04-29,1.3683
2010-04-30,1.3701
2010-05-03,1.3717
2010-05-04,1.3783
2010-05-05,1.3915
2010-05-06,1.3975
2010-05-07,1.3951
2010-05-10,1.3804
2010-05-11,1.3808
2010-05-12,1.3800
2010-05-13,1.3813
2010-05-14,1.3868
2010-05-17,1.3932
2010-05-18,1.3883
2010-05-19,1.3997
2010-05-20,1.4100
2010-05-21,1.4080
2010-05-24,1.4055
2010-05-25,1.4187
2010-05-26,1.4078
2010-05-27,1.4019
2010-05-28,1.4040
2010-05-31,.
2010-06-01,1.4090
2010-06-02,1.4092
2010-06-03,1.4054
2010-06-04,1.4117
2010-06-07,1.4146
2010-06-08,1.4156
2010-06-09,1.4110
2010-06-10,1.4037
2010-06-11,1.4030
2010-06-14,1.3935
2010-06-15,1.3940
2010-06-16,1.3939
2010-06-17,1.3920
2010-06-18,1.3845
2010-06-21,1.3743
2010-06-22,1.3812
2010-06-23,1.3866
2010-06-24,1.3926
2010-06-25,1.3891
2010-06-28,1.3860
2010-06-29,1.4012
2010-06-30,1.3961
2010-07-01,1.3950
2010-07-02,1.3945
2010-07-05,.
2010-07-06,1.3856
2010-07-07,1.3870
2010-07-08,1.3797
2010-07-09,1.3802
2010-07-12,1.3831
2010-07-13,1.3755
2010-07-14,1.3732
2010-07-15,1.3751
2010-07-16,1.3768
2010-07-19,1.3769
2010-07-20,1.3745
2010-07-21,1.3753
2010-07-22,1.3730
2010-07-23,1.3709
2010-07-26,1.3611
2010-07-27,1.3623
2010-07-28,1.3660
2010-07-29,1.3629
2010-07-30,1.3595
2010-08-02,1.3506
2010-08-03,1.3490
2010-08-04,1.3521
2010-08-05,1.3528
2010-08-06,1.3475
2010-08-09,1.3477
2010-08-10,1.3560
2010-08-11,1.3645
2010-08-12,1.3608
2010-08-13,1.3625
2010-08-16,1.3612
2010-08-17,1.3528
2010-08-18,1.3489
2010-08-19,1.3545
2010-08-20,1.3583
2010-08-23,1.3570
2010-08-24,1.3591
2010-08-25,1.3607
2010-08-26,1.3550
2010-08-27,1.3528
2010-08-30,1.3540
2010-08-31,1.3546
2010-09-01,1.3468
2010-09-02,1.3457
2010-09-03,1.3437
2010-09-06,.
2010-09-07,1.3477
2010-09-08,1.3430
2010-09-09,1.3410
2010-09-10,1.3400
2010-09-13,1.3362
2010-09-14,1.3326
2010-09-15,1.3379
2010-09-16,1.3373
2010-09-17,1.3363
2010-09-20,1.3331
2010-09-21,1.3315
2010-09-22,1.3258
2010-09-23,1.3262
2010-09-24,1.3226
2010-09-27,1.3217
2010-09-28,1.3180
2010-09-29,1.3150
2010-09-30,1.3162
2010-10-01,1.3117
2010-10-04,1.3143
2010-10-05,1.3098
2010-10-06,1.3072
2010-10-07,1.3075
2010-10-08,1.3055
2010-10-11,.
2010-10-12,1.3060
2010-10-13,1.3027
2010-10-14,1.2972
2010-10-15,1.2961
2010-10-18,1.2985
2010-10-19,1.3075
2010-10-20,1.3028
2010-10-21,1.2990
2010-10-22,1.2994
2010-10-25,1.2920
2010-10-26,1.2974
2010-10-27,1.3060
2010-10-28,1.2960
2010-10-29,1.2945
2010-11-01,1.2916
2010-11-02,1.2872
2010-11-03,1.2887
2010-11-04,1.2824
2010-11-05,1.2862
2010-11-08,1.2869
2010-11-09,1.2855
2010-11-10,1.2885
2010-11-11,.
2010-11-12,1.2934
2010-11-15,1.3009
2010-11-16,1.3046
2010-11-17,1.3017
2010-11-18,1.2963
2010-11-19,1.2980
2010-11-22,1.2981
2010-11-23,1.3129
2010-11-24,1.3085
2010-11-25,.
2010-11-26,1.3194
2010-11-29,1.3223
2010-11-30,1.3202
2010-12-01,1.3090
2010-12-02,1.3062
2010-12-03,1.3030
2010-12-06,1.3055
2010-12-07,1.3035
2010-12-08,1.3147
2010-12-09,1.3120
2010-12-10,1.3083
2010-12-13,1.3043
2010-12-14,1.3012
2010-12-15,1.3126
2010-12-16,1.3163
2010-12-17,1.3164
2010-12-20,1.3165
2010-12-21,1.3125
2010-12-22,1.3068
2010-12-23,1.3046
2010-12-24,.
2010-12-27,1.3005
2010-12-28,1.2967
2010-12-29,1.2942
2010-12-30,1.2885
2010-12-31,.
2011-01-03,1.2842
2011-01-04,1.2874
2011-01-05,1.2911
2011-01-06,1.2949
2011-01-07,1.2945
2011-01-10,1.2986
2011-01-11,1.2938
2011-01-12,1.2892
2011-01-13,1.2842
2011-01-14,1.2886
2011-01-17,.
2011-01-18,1.2824
2011-01-19,1.2815
2011-01-20,1.2887
2011-01-21,1.2830
2011-01-24,1.2806
2011-01-25,1.2819
2011-01-26,1.2793
2011-01-27,1.2791
2011-01-28,1.2841
2011-01-31,1.2794
2011-02-01,1.2712
2011-02-02,1.2720
2011-02-03,1.2741
2011-02-04,1.2746
2011-02-07,1.2742
2011-02-08,1.2716
2011-02-09,1.2736
2011-02-10,1.2768
2011-02-11,1.2829
2011-02-14,1.2821
2011-02-15,1.2800
2011-02-16,1.2796
2011-02-17,1.2757
2011-02-18,1.2736
2011-02-21,.
2011-02-22,1.2791
2011-02-23,1.2772
2011-02-24,1.2756
2011-02-25,1.2727
2011-02-28,1.2720
2011-03-01,1.2707
2011-03-02,1.2694
2011-03-03,1.2680
2011-03-04,1.2665
2011-03-07,1.2655
2011-03-08,1.2675
2011-03-09,1.2675
2011-03-10,1.2715
2011-03-11,1.2682
2011-03-14,1.2675
2011-03-15,1.2805
2011-03-16,1.2817
2011-03-17,1.2782
2011-03-18,1.2744
2011-03-21,1.2672
2011-03-22,1.2631
2011-03-23,1.2654
2011-03-24,1.2603
2011-03-25,1.2605
2011-03-28,1.2612
2011-03-29,1.2620
2011-03-30,1.2621
2011-03-31,1.2600
2011-04-01,1.2606
2011-04-04,1.2602
2011-04-05,1.2605
2011-04-06,1.2602
2011-04-07,1.2611
2011-04-08,1.2570
2011-04-11,1.2556
2011-04-12,1.2588
2011-04-13,1.2556
2011-04-14,1.2480
2011-04-15,1.2424
2011-04-18,1.2489
2011-04-19,1.2450
2011-04-20,1.2385
2011-04-21,1.2341
2011-04-22,1.2338
2011-04-25,1.2355
2011-04-26,1.2321
2011-04-27,1.2327
2011-04-28,1.2292
2011-04-29,1.2230
2011-05-02,1.2222
2011-05-03,1.2250
2011-05-04,1.2312
2011-05-05,1.2382
2011-05-06,1.2337
2011-05-09,1.2335
2011-05-10,1.2335
2011-05-11,1.2321
2011-05-12,1.2410
2011-05-13,1.2458
2011-05-16,1.2500
2011-05-17,1.2494
2011-05-18,1.2408
2011-05-19,1.2399
2011-05-20,1.2384
2011-05-23,1.2488
2011-05-24,1.2460
2011-05-25,1.2460
2011-05-26,1.2461
2011-05-27,1.2360
2011-05-30,.
2011-05-31,1.2342
2011-06-01,1.2310
2011-06-02,1.2356
2011-06-03,1.2292
2011-06-06,1.2287
2011-06-07,1.2283
2011-06-08,1.2315
2011-06-09,1.2292
2011-06-10,1.2345
2011-06-13,1.2371
2011-06-14,1.2307
2011-06-15,1.2365
2011-06-16,1.2405
2011-06-17,1.2332
2011-06-20,1.2349
2011-06-21,1.2312
2011-06-22,1.2306
2011-06-23,1.2385
2011-06-24,1.2372
2011-06-27,1.2412
2011-06-28,1.2387
2011-06-29,1.2327
2011-06-30,1.2273
2011-07-01,1.2264
2011-07-04,.
2011-07-05,1.2274
2011-07-06,1.2287
2011-07-07,1.2230
2011-07-08,1.2217
2011-07-11,1.2272
2011-07-12,1.2248
2011-07-13,1.2176
2011-07-14,1.2175
2011-07-15,1.2173
2011-07-18,1.2192
2011-07-19,1.2152
2011-07-20,1.2138
2011-07-21,1.2102
2011-07-22,1.2082
2011-07-25,1.2070
2011-07-26,1.2034
2011-07-27,1.2031
2011-07-28,1.2021
2011-07-29,1.2031
2011-08-01,1.2050
2011-08-02,1.2044
2011-08-03,1.2065
2011-08-04,1.2195
2011-08-05,1.2214
2011-08-08,1.2171
2011-08-09,1.2146
2011-08-10,1.2177
2011-08-11,1.2116
2011-08-12,1.2110
2011-08-15,1.2035
2011-08-16,1.2007
2011-08-17,1.2025
2011-08-18,1.2153
2011-08-19,1.2080
2011-08-22,1.2085
2011-08-23,1.2038
2011-08-24,1.2055
2011-08-25,1.2105
2011-08-26,1.2035
2011-08-29,1.2052
2011-08-30,1.2063
2011-08-31,1.2031
2011-09-01,1.2023
2011-09-02,1.2045
2011-09-05,.
2011-09-06,1.2101
2011-09-07,1.2093
2011-09-08,1.2130
2011-09-09,1.2273
2011-09-12,1.2362
2011-09-13,1.2410
2011-09-14,1.2453
2011-09-15,1.2442
2011-09-16,1.2397
2011-09-19,1.2632
2011-09-20,1.2580
2011-09-21,1.2740
2011-09-22,1.3088
2011-09-23,1.2950
2011-09-26,1.2981
2011-09-27,1.2795
2011-09-28,1.2855
2011-09-29,1.2920
2011-09-30,1.3006
2011-10-03,1.3104
2011-10-04,1.3135
2011-10-05,1.3038
2011-10-06,1.3008
2011-10-07,1.2903
2011-10-10,.
2011-10-11,1.2817
2011-10-12,1.2751
2011-10-13,1.2803
2011-10-14,1.2662
2011-10-17,1.2675
2011-10-18,1.2691
2011-10-19,1.2657
2011-10-20,1.2727
2011-10-21,1.2743
2011-10-24,1.2654
2011-10-25,1.2630
2011-10-26,1.2743
2011-10-27,1.2464
2011-10-28,1.2421
2011-10-31,1.2515
2011-11-01,1.2782
2011-11-02,1.2720
2011-11-03,1.2718
2011-11-04,1.2676
2011-11-07,1.2701
2011-11-08,1.2699
2011-11-09,1.2839
2011-11-10,1.2902
2011-11-11,.
2011-11-14,1.2905
2011-11-15,1.2927
2011-11-16,1.2915
2011-11-17,1.2930
2011-11-18,1.2965
2011-11-21,1.3023
2011-11-22,1.3017
2011-11-23,1.3106
2011-11-24,.
2011-11-25,1.3117
2011-11-28,1.3001
2011-11-29,1.2944
2011-11-30,1.2825
2011-12-01,1.2823
2011-12-02,1.2840
2011-12-05,1.2777
2011-12-06,1.2836
2011-12-07,1.2855
2011-12-08,1.2943
2011-12-09,1.2931
2011-12-12,1.3012
2011-12-13,1.3013
2011-12-14,1.3087
2011-12-15,1.3078
2011-12-16,1.3032
2011-12-19,1.3069
2011-12-20,1.2988
2011-12-21,1.2975
2011-12-22,1.2929
2011-12-23,1.2935
2011-12-26,.
2011-12-27,1.2965
2011-12-28,1.2986
2011-12-29,1.3003
2011-12-30,1.2948
2012-01-02,.
2012-01-03,1.2824
2012-01-04,1.2873
2012-01-05,1.2923
2012-01-06,1.2931
2012-01-09,1.2973
2012-01-10,1.2890
2012-01-11,1.2923
2012-01-12,1.2907
2012-01-13,1.2929
2012-01-16,.
2012-01-17,1.2839
2012-01-18,1.2785
2012-01-19,1.2733
2012-01-20,1.2728
2012-01-23,1.2667
2012-01-24,1.2693
2012-01-25,1.2700
2012-01-26,1.2553
2012-01-27,1.2526
2012-01-30,1.2575
2012-01-31,1.2576
2012-02-01,1.2521
2012-02-02,1.2463
2012-02-03,1.2424
2012-02-06,1.2475
2012-02-07,1.2457
2012-02-08,1.2461
2012-02-09,1.2476
2012-02-10,1.2591
2012-02-13,1.2551
2012-02-14,1.2646
2012-02-15,1.2609
2012-02-16,1.2625
2012-02-17,1.2591
2012-02-20,.
2012-02-21,1.2565
2012-02-22,1.2581
2012-02-23,1.2565
2012-02-24,1.2558
2012-02-27,1.2545
2012-02-28,1.2520
2012-02-29,1.2474
2012-03-01,1.2474
2012-03-02,1.2511
2012-03-05,1.2577
2012-03-06,1.2641
2012-03-07,1.2598
2012-03-08,1.2527
2012-03-09,1.2540
2012-03-12,1.2613
2012-03-13,1.2581
2012-03-14,1.2686
2012-03-15,1.2630
2012-03-16,1.2580
2012-03-19,1.2565
2012-03-20,1.2626
2012-03-21,1.2652
2012-03-22,1.2661
2012-03-23,1.2625
2012-03-26,1.2570
2012-03-27,1.2562
2012-03-28,1.2584
2012-03-29,1.2613
2012-03-30,1.2573
2012-04-02,1.2539
2012-04-03,1.2510
2012-04-04,1.2595
2012-04-05,1.2592
2012-04-06,1.2605
2012-04-09,1.2625
2012-04-10,1.2627
2012-04-11,1.2586
2012-04-12,1.2522
2012-04-13,1.2474
2012-04-16,1.2500
2012-04-17,1.2481
2012-04-18,1.2508
2012-04-19,1.2508
2012-04-20,1.2488
2012-04-23,1.2486
2012-04-24,1.2468
2012-04-25,1.2439
2012-04-26,1.2401
2012-04-27,1.2385
2012-04-30,1.2368
2012-05-01,1.2355
2012-05-02,1.2399
2012-05-03,1.2425
2012-05-04,1.2445
2012-05-07,1.2465
2012-05-08,1.2477
2012-05-09,1.2523
2012-05-10,1.2494
2012-05-11,1.2503
2012-05-14,1.2558
2012-05-15,1.2588
2012-05-16,1.2667
2012-05-17,1.2664
2012-05-18,1.2749
2012-05-21,1.2725
2012-05-22,1.2691
2012-05-23,1.2801
2012-05-24,1.2762
2012-05-25,1.2781
2012-05-28,.
2012-05-29,1.2789
2012-05-30,1.2880
2012-05-31,1.2888
2012-06-01,1.2918
2012-06-04,1.2876
2012-06-05,1.2872
2012-06-06,1.2763
2012-06-07,1.2753
2012-06-08,1.2848
2012-06-11,1.2826
2012-06-12,1.2834
2012-06-13,1.2793
2012-06-14,1.2803
2012-06-15,1.2718
2012-06-18,1.2722
2012-06-19,1.2654
2012-06-20,1.2679
2012-06-21,1.2759
2012-06-22,1.2757
2012-06-25,1.2843
2012-06-26,1.2788
2012-06-27,1.2769
2012-06-28,1.2808
2012-06-29,1.2673
2012-07-02,1.2672
2012-07-03,1.2611
2012-07-04,.
2012-07-05,1.2631
2012-07-06,1.2729
2012-07-09,1.2707
2012-07-10,1.2668
2012-07-11,1.2626
2012-07-12,1.2699
2012-07-13,1.2651
2012-07-16,1.2648
2012-07-17,1.2623
2012-07-18,1.2585
2012-07-19,1.2533
2012-07-20,1.2556
2012-07-23,1.2624
2012-07-24,1.2610
2012-07-25,1.2581
2012-07-26,1.2515
2012-07-27,1.2481
2012-07-30,1.2468
2012-07-31,1.2437
2012-08-01,1.2439
2012-08-02,1.2502
2012-08-03,1.2422
2012-08-06,1.2403
2012-08-07,1.2413
2012-08-08,1.2441
2012-08-09,1.2449
2012-08-10,1.2446
2012-08-13,1.2458
2012-08-14,1.2469
2012-08-15,1.2496
2012-08-16,1.2495
2012-08-17,1.2536
2012-08-20,1.2532
2012-08-21,1.2495
2012-08-22,1.2512
2012-08-23,1.2460
2012-08-24,1.2491
2012-08-27,1.2510
2012-08-28,1.2523
2012-08-29,1.2526
2012-08-30,1.2537
2012-08-31,1.2477
2012-09-03,.
2012-09-04,1.2471
2012-09-05,1.2474
2012-09-06,1.2433
2012-09-07,1.2359
2012-09-10,1.2347
2012-09-11,1.2294
2012-09-12,1.2288
2012-09-13,1.2299
2012-09-14,1.2199
2012-09-17,1.2235
2012-09-18,1.2247
2012-09-19,1.2242
2012-09-20,1.2256
2012-09-21,1.2237
2012-09-24,1.2285
2012-09-25,1.2249
2012-09-26,1.2320
2012-09-27,1.2267
2012-09-28,1.2262
2012-10-01,1.2286
2012-10-02,1.2294
2012-10-03,1.2321
2012-10-04,1.2286
2012-10-05,1.2267
2012-10-08,.
2012-10-09,1.2302
2012-10-10,1.2294
2012-10-11,1.2275
2012-10-12,1.2223
2012-10-15,1.2219
2012-10-16,1.2207
2012-10-17,1.2159
2012-10-18,1.2177
2012-10-19,1.2209
2012-10-22,1.2214
2012-10-23,1.2255
2012-10-24,1.2227
2012-10-25,1.2202
2012-10-26,1.2208
2012-10-29,1.2207
2012-10-30,1.2188
2012-10-31,1.2200
2012-11-01,1.2201
2012-11-02,1.2232
2012-11-05,1.2249
2012-11-06,1.2237
2012-11-07,1.2226
2012-11-08,1.2232
2012-11-09,1.2234
2012-11-12,.
2012-11-13,1.2232
2012-11-14,1.2220
2012-11-15,1.2247
2012-11-16,1.2286
2012-11-19,1.2238
2012-11-20,1.2244
2012-11-21,1.2255
2012-11-22,.
2012-11-23,1.2225
2012-11-26,1.2216
2012-11-27,1.2224
2012-11-28,1.2228
2012-11-29,1.2210
2012-11-30,1.2206
2012-12-03,1.2185
2012-12-04,1.2174
2012-12-05,1.2185
2012-12-06,1.2207
2012-12-07,1.2206
2012-12-10,1.2215
2012-12-11,1.2215
2012-12-12,1.2216
2012-12-13,1.2212
2012-12-14,1.2195
2012-12-17,1.2195
2012-12-18,1.2174
2012-12-19,1.2182
2012-12-20,1.2186
2012-12-21,1.2211
2012-12-24,1.2215
2012-12-25,.
2012-12-26,1.2232
2012-12-27,1.2227
2012-12-28,1.2230
2012-12-31,1.2214
2013-01-01,.
2013-01-02,1.2203
2013-01-03,1.2220
2013-01-04,1.2285
2013-01-07,1.2305
2013-01-08,1.2298
2013-01-09,1.2265
2013-01-10,1.2227
2013-01-11,1.2250
2013-01-14,1.2263
2013-01-15,1.2253
2013-01-16,1.2232
2013-01-17,1.2233
2013-01-18,1.2271
2013-01-21,.
2013-01-22,1.2276
2013-01-23,1.2267
2013-01-24,1.2282
2013-01-25,1.2361
2013-01-28,1.2380
2013-01-29,1.2337
2013-01-30,1.2347
2013-01-31,1.2376
2013-02-01,1.2393
2013-02-04,1.2397
2013-02-05,1.2381
2013-02-06,1.2376
2013-02-07,1.2403
2013-02-08,1.2373
2013-02-11,1.2405
2013-02-12,1.2388
2013-02-13,1.2375
2013-02-14,1.2355
2013-02-15,1.2375
2013-02-18,.
2013-02-19,1.2374
2013-02-20,1.2375
2013-02-21,1.2390
2013-02-22,1.2372
2013-02-25,1.2387
2013-02-26,1.2397
2013-02-27,1.2375
2013-02-28,1.2369
2013-03-01,1.2396
2013-03-04,1.2469
2013-03-05,1.2473
2013-03-06,1.2477
2013-03-07,1.2457
2013-03-08,1.2483
2013-03-11,1.2493
2013-03-12,1.2475
2013-03-13,1.2490
2013-03-14,1.2495
2013-03-15,1.2485
2013-03-18,1.2494
2013-03-19,1.2518
2013-03-20,1.2514
2013-03-21,1.2488
2013-03-22,1.2486
2013-03-25,1.2443
2013-03-26,1.2408
2013-03-27,1.2432
2013-03-28,1.2406
2013-03-29,1.2400
2013-04-01,1.2401
2013-04-02,1.2387
2013-04-03,1.2375
2013-04-04,1.2416
2013-04-05,1.2404
2013-04-08,1.2414
2013-04-09,1.2391
2013-04-10,1.2374
2013-04-11,1.2367
2013-04-12,1.2366
2013-04-15,1.2364
2013-04-16,1.2355
2013-04-17,1.2354
2013-04-18,1.2355
2013-04-19,1.2369
2013-04-22,1.2402
2013-04-23,1.2415
2013-04-24,1.2434
2013-04-25,1.2393
2013-04-26,1.2364
2013-04-29,1.2339
2013-04-30,1.2320
2013-05-01,1.2331
2013-05-02,1.2350
2013-05-03,1.2341
2013-05-06,1.2313
2013-05-07,1.2330
2013-05-08,1.2274
2013-05-09,1.2291
2013-05-10,1.2389
2013-05-13,1.2413
2013-05-14,1.2425
2013-05-15,1.2472
2013-05-16,1.2502
2013-05-17,1.2568
2013-05-20,1.2560
2013-05-21,1.2602
2013-05-22,1.2663
2013-05-23,1.2630
2013-05-24,1.2645
2013-05-27,.
2013-05-28,1.2684
2013-05-29,1.2664
2013-05-30,1.2604
2013-05-31,1.2641
2013-06-03,1.2501
2013-06-04,1.2534
2013-06-05,1.2484
2013-06-06,1.2454
2013-06-07,1.2464
2013-06-10,1.2580
2013-06-11,1.2564
2013-06-12,1.2516
2013-06-13,1.2510
2013-06-14,1.2515
2013-06-17,1.2546
2013-06-18,1.2616
2013-06-19,1.2564
2013-06-20,1.2745
2013-06-21,1.2768
2013-06-24,1.2777
2013-06-25,1.2688
2013-06-26,1.2725
2013-06-27,1.2672
2013-06-28,1.2682
2013-07-01,1.2634
2013-07-02,1.2694
2013-07-03,1.2719
2013-07-04,.
2013-07-05,1.2811
2013-07-08,1.2807
2013-07-09,1.2801
2013-07-10,1.2750
2013-07-11,1.2614
2013-07-12,1.2627
2013-07-15,1.2641
2013-07-16,1.2602
2013-07-17,1.2613
2013-07-18,1.2677
2013-07-19,1.2644
2013-07-22,1.2605
2013-07-23,1.2645
2013-07-24,1.2678
2013-07-25,1.2675
2013-07-26,1.2647
2013-07-29,1.2661
2013-07-30,1.2696
2013-07-31,1.2746
2013-08-01,1.2754
2013-08-02,1.2718
2013-08-05,1.2700
2013-08-06,1.2681
2013-08-07,1.2674
2013-08-08,1.2591
2013-08-09,1.2572
2013-08-12,1.2610
2013-08-13,1.2678
2013-08-14,1.2705
2013-08-15,1.2728
2013-08-16,1.2702
2013-08-19,1.2759
2013-08-20,1.2735
2013-08-21,1.2789
2013-08-22,1.2808
2013-08-23,1.2793
2013-08-26,1.2812
2013-08-27,1.2831
2013-08-28,1.2777
2013-08-29,1.2749
2013-08-30,1.2758
2013-09-02,.
2013-09-03,1.2777
2013-09-04,1.2730
2013-09-05,1.2803
2013-09-06,1.2732
2013-09-09,1.2701
2013-09-10,1.2685
2013-09-11,1.2675
2013-09-12,1.2670
2013-09-13,1.2685
2013-09-16,1.2605
2013-09-17,1.2586
2013-09-18,1.2592
2013-09-19,1.2469
2013-09-20,1.2510
2013-09-23,1.2501
2013-09-24,1.2533
2013-09-25,1.2529
2013-09-26,1.2546
2013-09-27,1.2556
2013-09-30,1.2547
2013-10-01,1.2520
2013-10-02,1.2492
2013-10-03,1.2487
2013-10-04,1.2464
2013-10-07,1.2479
2013-10-08,1.2491
2013-10-09,1.2504
2013-10-10,1.2482
2013-10-11,1.2466
2013-10-14,.
2013-10-15,1.2425
2013-10-16,1.2457
2013-10-17,1.2399
2013-10-18,1.2374
2013-10-21,1.2417
2013-10-22,1.2361
2013-10-23,1.2383
2013-10-24,1.2370
2013-10-25,1.2365
2013-10-28,1.2383
2013-10-29,1.2390
2013-10-30,1.2366
2013-10-31,1.2402
2013-11-01,1.2434
2013-11-04,1.2424
2013-11-05,1.2432
2013-11-06,1.2425
2013-11-07,1.2443
2013-11-08,1.2463
2013-11-11,.
2013-11-12,1.2508
2013-11-13,1.2473
2013-11-14,1.2479
2013-11-15,1.2466
2013-11-18,1.2457
2013-11-19,1.2446
2013-11-20,1.2449
2013-11-21,1.2495
2013-11-22,1.2499
2013-11-25,1.2522
2013-11-26,1.2534
2013-11-27,1.2548
2013-11-28,.
2013-11-29,1.2548
2013-12-02,1.2560
2013-12-03,1.2531
2013-12-04,1.2557
2013-12-05,1.2532
2013-12-06,1.2512
2013-12-09,1.2493
2013-12-10,1.2489
2013-12-11,1.2510
2013-12-12,1.2558
2013-12-13,1.2554
2013-12-16,1.2550
2013-12-17,1.2574
2013-12-18,1.2596
2013-12-19,1.2670
2013-12-20,1.2666
2013-12-23,1.2681
2013-12-24,1.2684
2013-12-25,.
2013-12-26,1.2689
2013-12-27,1.2675
2013-12-30,1.2671
2013-12-31,1.2622
2014-01-01,.
2014-01-02,1.2666
2014-01-03,1.2661
2014-01-06,1.2678
2014-01-07,1.2711
2014-01-08,1.2717
2014-01-09,1.2712
2014-01-10,1.2659
2014-01-13,1.2647
2014-01-14,1.2678
2014-01-15,1.2730
2014-01-16,1.2722
2014-01-17,1.2743
2014-01-20,.
2014-01-21,1.2783
2014-01-22,1.2792
2014-01-23,1.2781
2014-01-24,1.2789
2014-01-27,1.2757
2014-01-28,1.2750
2014-01-29,1.2753
2014-01-30,1.2746
2014-01-31,1.2772
2014-02-03,1.2755
2014-02-04,1.2678
2014-02-05,1.2675
2014-02-06,1.2676
2014-02-07,1.2673
2014-02-10,1.2701
2014-02-11,1.2673
2014-02-12,1.2664
2014-02-13,1.2654
2014-02-14,1.2602
2014-02-17,.
2014-02-18,1.2602
2014-02-19,1.2604
2014-02-20,1.2653
2014-02-21,1.2671
2014-02-24,1.2637
2014-02-25,1.2629
2014-02-26,1.2663
2014-02-27,1.2638
2014-02-28,1.2669
2014-03-03,1.2709
2014-03-04,1.2689
2014-03-05,1.2700
2014-03-06,1.2630
2014-03-07,1.2682
2014-03-10,1.2686
2014-03-11,1.2665
2014-03-12,1.2677
2014-03-13,1.2658
2014-03-14,1.2648
2014-03-17,1.2647
2014-03-18,1.2637
2014-03-19,1.2663
2014-03-20,1.2774
2014-03-21,1.2745
2014-03-24,1.2712
2014-03-25,1.2694
2014-03-26,1.2677
2014-03-27,1.2645
2014-03-28,1.2593
2014-03-31,1.2583
2014-04-01,1.2589
2014-04-02,1.2619
2014-04-03,1.2633
2014-04-04,1.2596
2014-04-07,1.2602
2014-04-08,1.2527
2014-04-09,1.2473
2014-04-10,1.2481
2014-04-11,1.2481
2014-04-14,1.2518
2014-04-15,1.2534
2014-04-16,1.2504
2014-04-17,1.2507
2014-04-18,1.2524
2014-04-21,1.2526
2014-04-22,1.2559
2014-04-23,1.2570
2014-04-24,1.2583
2014-04-25,1.2563
2014-04-28,1.2566
2014-04-29,1.2551
2014-04-30,1.2553
2014-05-01,1.2525
2014-05-02,1.2539
2014-05-05,1.2499
2014-05-06,1.2472
2014-05-07,1.2485
2014-05-08,1.2460
2014-05-09,1.2482
2014-05-12,1.2506
2014-05-13,1.2516
2014-05-14,1.2496
2014-05-15,1.2521
2014-05-16,1.2509
2014-05-19,1.2492
2014-05-20,1.2520
2014-05-21,1.2524
2014-05-22,1.2515
2014-05-23,1.2524
2014-05-26,.
2014-05-27,1.2564
2014-05-28,1.2554
2014-05-29,1.2551
2014-05-30,1.2543
2014-06-02,1.2564
2014-06-03,1.2568
2014-06-04,1.2572
2014-06-05,1.2555
2014-06-06,1.2514
2014-06-09,1.2499
2014-06-10,1.2498
2014-06-11,1.2499
2014-06-12,1.2480
2014-06-13,1.2507
2014-06-16,1.2504
2014-06-17,1.2537
2014-06-18,1.2518
2014-06-19,1.2497
2014-06-20,1.2501
2014-06-23,1.2486
2014-06-24,1.2492
2014-06-25,1.2496
2014-06-26,1.2500
2014-06-27,1.2497
2014-06-30,1.2465
2014-07-01,1.2454
2014-07-02,1.2472
2014-07-03,1.2465
2014-07-04,.
2014-07-07,1.2466
2014-07-08,1.2431
2014-07-09,1.2418
2014-07-10,1.2419
2014-07-11,1.2409
2014-07-14,1.2412
2014-07-15,1.2437
2014-07-16,1.2425
2014-07-17,1.2427
2014-07-18,1.2410
2014-07-21,1.2394
2014-07-22,1.2397
2014-07-23,1.2376
2014-07-24,1.2405
2014-07-25,1.2413
2014-07-28,1.2413
2014-07-29,1.2429
2014-07-30,1.2454
2014-07-31,1.2466
2014-08-01,1.2469
2014-08-04,1.2461
2014-08-05,1.2481
2014-08-06,1.2490
2014-08-07,1.2508
2014-08-08,1.2514
2014-08-11,1.2499
2014-08-12,1.2510
2014-08-13,1.2495
2014-08-14,1.2450
2014-08-15,1.2455
2014-08-18,1.2444
2014-08-19,1.2471
2014-08-20,1.2497
2014-08-21,1.2493
2014-08-22,1.2491
2014-08-25,1.2502
2014-08-26,1.2497
2014-08-27,1.2470
2014-08-28,1.2488
2014-08-29,1.2485
2014-09-01,.
2014-09-02,1.2538
2014-09-03,1.2522
2014-09-04,1.2555
2014-09-05,1.2533
2014-09-08,1.2564
2014-09-09,1.2627
2014-09-10,1.2626
2014-09-11,1.2630
2014-09-12,1.2631
2014-09-15,1.2636
2014-09-16,1.2593
2014-09-17,1.2644
2014-09-18,1.2678
2014-09-19,1.2662
2014-09-22,1.2693
2014-09-23,1.2684
2014-09-24,1.2672
2014-09-25,1.2687
2014-09-26,1.2737
2014-09-29,1.2734
2014-09-30,1.2754
2014-10-01,1.2728
2014-10-02,1.2713
2014-10-03,1.2812
2014-10-06,1.2771
2014-10-07,1.2756
2014-10-08,1.2783
2014-10-09,1.2712
2014-10-10,1.2730
2014-10-13,.
2014-10-14,1.2750
2014-10-15,1.2726
2014-10-16,1.2730
2014-10-17,1.2752
2014-10-20,1.2708
2014-10-21,1.2710
2014-10-22,1.2719
2014-10-23,1.2747
2014-10-24,1.2753
2014-10-27,1.2746
2014-10-28,1.2723
2014-10-29,1.2705
2014-10-30,1.2767
2014-10-31,1.2854
2014-11-03,1.2909
2014-11-04,1.2890
2014-11-05,1.2933
2014-11-06,1.2945
2014-11-07,1.2920
2014-11-10,1.2917
2014-11-11,.
2014-11-12,1.2892
2014-11-13,1.2909
2014-11-14,1.2979
2014-11-17,1.2980
2014-11-18,1.2962
2014-11-19,1.3057
2014-11-20,1.3008
2014-11-21,1.2981
2014-11-24,1.3035
2014-11-25,1.3016
2014-11-26,1.2982
2014-11-27,.
2014-11-28,1.3036
2014-12-01,1.3050
2014-12-02,1.3095
2014-12-03,1.3111
2014-12-04,1.3108
2014-12-05,1.3219
2014-12-08,1.3193
2014-12-09,1.3145
2014-12-10,1.3106
2014-12-11,1.3147
2014-12-12,1.3123
2014-12-15,1.3122
2014-12-16,1.3046
2014-12-17,1.3072
2014-12-18,1.3128
2014-12-19,1.3169
2014-12-22,1.3187
2014-12-23,1.3219
2014-12-24,1.3235
2014-12-25,.
2014-12-26,.
2014-12-29,1.3226
2014-12-30,1.3210
2014-12-31,1.3244
2015-01-01,.
2015-01-02,1.3303
2015-01-05,1.3354
2015-01-06,1.3319
2015-01-07,1.3412
2015-01-08,1.3360
2015-01-09,1.3337
2015-01-12,1.3341
2015-01-13,1.3340
2015-01-14,1.3332
2015-01-15,1.3291
2015-01-16,1.3264
2015-01-19,.
2015-01-20,1.3377
2015-01-21,1.3346
2015-01-22,1.3357
2015-01-23,1.3440
2015-01-26,1.3418
2015-01-27,1.3388
2015-01-28,1.3509
2015-01-29,1.3533
2015-01-30,1.3537
2015-02-02,1.3513
2015-02-03,1.3469
2015-02-04,1.3472
2015-02-05,1.3449
2015-02-06,1.3513
2015-02-09,1.3540
2015-02-10,1.3553
2015-02-11,1.3609
2015-02-12,1.3556
2015-02-13,1.3543
2015-02-16,.
2015-02-17,1.3560
2015-02-18,1.3603
2015-02-19,1.3576
2015-02-20,1.3591
2015-02-23,1.3583
2015-02-24,1.3591
2015-02-25,1.3540
2015-02-26,1.3561
2015-02-27,1.3614
2015-03-02,1.3650
2015-03-03,1.3616
2015-03-04,1.3678
2015-03-05,1.3713
2015-03-06,1.3789
2015-03-09,1.3792
2015-03-10,1.3880
2015-03-11,1.3862
2015-03-12,1.3793
2015-03-13,1.3910
2015-03-16,1.3892
2015-03-17,1.3894
2015-03-18,1.3895
2015-03-19,1.3896
2015-03-20,1.3823
2015-03-23,1.3669
2015-03-24,1.3678
2015-03-25,1.3678
2015-03-26,1.3678
2015-03-27,1.3682
2015-03-30,1.3750
2015-03-31,1.3721
2015-04-01,1.3634
2015-04-02,1.3575
2015-04-03,1.3492
2015-04-06,1.3507
2015-04-07,1.3593
2015-04-08,1.3546
2015-04-09,1.3583
2015-04-10,1.3668
2015-04-13,1.3731
2015-04-14,1.3590
2015-04-15,1.3605
2015-04-16,1.3536
2015-04-17,1.3467
2015-04-20,1.3477
2015-04-21,1.3499
2015-04-22,1.3461
2015-04-23,1.3447
2015-04-24,1.3315
2015-04-27,1.3276
2015-04-28,1.3180
2015-04-29,1.3171
2015-04-30,1.3261
2015-05-01,1.3293
2015-05-04,1.3329
2015-05-05,1.3329
2015-05-06,1.3243
2015-05-07,1.3331
2015-05-08,1.3290
2015-05-11,1.3361
2015-05-12,1.3336
2015-05-13,1.3239
2015-05-14,1.3199
2015-05-15,1.3195
2015-05-18,1.3258
2015-05-19,1.3348
2015-05-20,1.3380
2015-05-21,1.3362
2015-05-22,1.3360
2015-05-25,.
2015-05-26,1.3484
2015-05-27,1.3525
2015-05-28,1.3531
2015-05-29,1.3478
2015-06-01,1.3545
2015-06-02,1.3487
2015-06-03,1.3411
2015-06-04,1.3478
2015-06-05,1.3572
2015-06-08,1.3570
2015-06-09,1.3512
2015-06-10,1.3414
2015-06-11,1.3469
2015-06-12,1.3430
2015-06-15,1.3462
2015-06-16,1.3436
2015-06-17,1.3478
2015-06-18,1.3316
2015-06-19,1.3359
2015-06-22,1.3346
2015-06-23,1.3404
2015-06-24,1.3453
2015-06-25,1.3433
2015-06-26,1.3486
2015-06-29,1.3471
2015-06-30,1.3469
2015-07-01,1.3517
2015-07-02,1.3490
2015-07-03,.
2015-07-06,1.3488
2015-07-07,1.3568
2015-07-08,1.3508
2015-07-09,1.3512
2015-07-10,1.3497
2015-07-13,1.3572
2015-07-14,1.3610
2015-07-15,1.3662
2015-07-16,1.3652
2015-07-17,1.3665
2015-07-20,1.3704
2015-07-21,1.3635
2015-07-22,1.3664
2015-07-23,1.3688
2015-07-24,1.3716
2015-07-27,1.3668
2015-07-28,1.3636
2015-07-29,1.3658
2015-07-30,1.3753
2015-07-31,1.3694
2015-08-03,1.3775
2015-08-04,1.3775
2015-08-05,1.3852
2015-08-06,1.3835
2015-08-07,1.3851
2015-08-10,1.3830
2015-08-11,1.4038
2015-08-12,1.4030
2015-08-13,1.3980
2015-08-14,1.4047
2015-08-17,1.4063
2015-08-18,1.4055
2015-08-19,1.4058
2015-08-20,1.4028
2015-08-21,1.4041
2015-08-24,1.4092
2015-08-25,1.4006
2015-08-26,1.4060
2015-08-27,1.3982
2015-08-28,1.4090
2015-08-31,1.4118
2015-09-01,1.4125
2015-09-02,1.4165
2015-09-03,1.4169
2015-09-04,1.4221
2015-09-07,.
2015-09-08,1.4184
2015-09-09,1.4149
2015-09-10,1.4132
2015-09-11,1.4144
2015-09-14,1.4062
2015-09-15,1.4028
2015-09-16,1.3970
2015-09-17,1.3980
2015-09-18,1.3960
2015-09-21,1.4096
2015-09-22,1.4177
2015-09-23,1.4276
2015-09-24,1.4249
2015-09-25,1.4234
2015-09-28,1.4278
2015-09-29,1.4273
2015-09-30,1.4234
2015-10-01,1.4289
2015-10-02,1.4337
2015-10-05,1.4194
2015-10-06,1.4213
2015-10-07,1.4094
2015-10-08,1.4093
2015-10-09,1.3943
2015-10-12,.
2015-10-13,1.4009
2015-10-14,1.3837
2015-10-15,1.3783
2015-10-16,1.3842
2015-10-19,1.3870
2015-10-20,1.3901
2015-10-21,1.3939
2015-10-22,1.3943
2015-10-23,1.3970
2015-10-26,1.3914
2015-10-27,1.3950
2015-10-28,1.3927
2015-10-29,1.4043
2015-10-30,1.4005
2015-11-02,1.4009
2015-11-03,1.3993
2015-11-04,1.4033
2015-11-05,1.4070
2015-11-06,1.4200
2015-11-09,1.4218
2015-11-10,1.4222
2015-11-11,.
2015-11-12,1.4191
2015-11-13,1.4240
2015-11-16,1.4224
2015-11-17,1.4231
2015-11-18,1.4240
2015-11-19,1.4129
2015-11-20,1.4130
2015-11-23,1.4186
2015-11-24,1.4116
2015-11-25,1.4047
2015-11-26,.
2015-11-27,1.4135
2015-11-30,1.4095
2015-12-01,1.4071
2015-12-02,1.4122
2015-12-03,1.3982
2015-12-04,1.3957
2015-12-07,1.4046
2015-12-08,1.4087
2015-12-09,1.4048
2015-12-10,1.4011
2015-12-11,1.4120
2015-12-14,1.4074
2015-12-15,1.4088
2015-12-16,1.4091
2015-12-17,1.4217
2015-12-18,1.4115
2015-12-21,1.4076
2015-12-22,1.4037
2015-12-23,1.4065
2015-12-24,1.4047
2015-12-25,.
2015-12-28,1.4079
2015-12-29,1.4124
2015-12-30,1.4152
2015-12-31,1.4166
2016-01-01,.
2016-01-04,1.4264
2016-01-05,1.4279
2016-01-06,1.4356
2016-01-07,1.4306
2016-01-08,1.4414
2016-01-11,1.4352
2016-01-12,1.4381
2016-01-13,1.4338
2016-01-14,1.4372
2016-01-15,1.4403
2016-01-18,.
2016-01-19,1.4359
2016-01-20,1.4389
2016-01-21,1.4347
2016-01-22,1.4277
2016-01-25,1.4279
2016-01-26,1.4259
2016-01-27,1.4283
2016-01-28,1.4270
2016-01-29,1.4241
2016-02-01,1.4239
2016-02-02,1.4269
2016-02-03,1.4225
2016-02-04,1.3953
2016-02-05,1.4065
2016-02-08,1.4027
2016-02-09,1.3970
2016-02-10,1.3943
2016-02-11,1.3881
2016-02-12,1.3961
2016-02-15,.
2016-02-16,1.4054
2016-02-17,1.4053
2016-02-18,1.4043
2016-02-19,1.4056
2016-02-22,1.3995
2016-02-23,1.4083
2016-02-24,1.4062
2016-02-25,1.4026
2016-02-26,1.4075
2016-02-29,1.4055
2016-03-01,1.4012
2016-03-02,1.3998
2016-03-03,1.3895
2016-03-04,1.3747
2016-03-07,1.3787
2016-03-08,1.3833
2016-03-09,1.3787
2016-03-10,1.3816
2016-03-11,1.3713
2016-03-14,1.3761
2016-03-15,1.3808
2016-03-16,1.3833
2016-03-17,1.3507
2016-03-18,1.3569
2016-03-21,1.3582
2016-03-22,1.3613
2016-03-23,1.3659
2016-03-24,1.3707
2016-03-25,1.3708
2016-03-28,1.3697
2016-03-29,1.3635
2016-03-30,1.3515
2016-03-31,1.3462
2016-04-01,1.3482
2016-04-04,1.3515
2016-04-05,1.3568
2016-04-06,1.3464
2016-04-07,1.3517
2016-04-08,1.3475
2016-04-11,1.3445
2016-04-12,1.3448
2016-04-13,1.3519
2016-04-14,1.3629
2016-04-15,1.3562
2016-04-18,1.3525
2016-04-19,1.3366
2016-04-20,1.3426
2016-04-21,1.3488
2016-04-22,1.3532
2016-04-25,1.3517
2016-04-26,1.3516
2016-04-27,1.3505
2016-04-28,1.3469
2016-04-29,1.3454
2016-05-02,1.3421
2016-05-03,1.3516
2016-05-04,1.3585
2016-05-05,1.3588
2016-05-06,1.3590
2016-05-09,1.3688
2016-05-10,1.3693
2016-05-11,1.3654
2016-05-12,1.3725
2016-05-13,1.3720
2016-05-16,1.3686
2016-05-17,1.3678
2016-05-18,1.3763
2016-05-19,1.3806
2016-05-20,1.3824
2016-05-23,1.3795
2016-05-24,1.3816
2016-05-25,1.3793
2016-05-26,1.3736
2016-05-27,1.3748
2016-05-30,.
2016-05-31,1.3778
2016-06-01,1.3780
2016-06-02,1.3747
2016-06-03,1.3591
2016-06-06,1.3577
2016-06-07,1.3524
2016-06-08,1.3465
2016-06-09,1.3524
2016-06-10,1.3570
2016-06-13,1.3549
2016-06-14,1.3550
2016-06-15,1.3548
2016-06-16,1.3534
2016-06-17,1.3504
2016-06-20,1.3432
2016-06-21,1.3419
2016-06-22,1.3395
2016-06-23,1.3391
2016-06-24,1.3487
2016-06-27,1.3624
2016-06-28,1.3558
2016-06-29,1.3472
2016-06-30,1.3489
2016-07-01,1.3452
2016-07-04,.
2016-07-05,1.3508
2016-07-06,1.3511
2016-07-07,1.3490
2016-07-08,1.3458
2016-07-11,1.3510
2016-07-12,1.3476
2016-07-13,1.3463
2016-07-14,1.3423
2016-07-15,1.3479
2016-07-18,1.3481
2016-07-19,1.3533
2016-07-20,1.3577
2016-07-21,1.3560
2016-07-22,1.3586
2016-07-25,1.3623
2016-07-26,1.3592
2016-07-27,1.3584
2016-07-28,1.3525
2016-07-29,1.3431
2016-08-01,1.3397
2016-08-02,1.3384
2016-08-03,1.3424
2016-08-04,1.3417
2016-08-05,1.3469
2016-08-08,1.3481
2016-08-09,1.3436
2016-08-10,1.3400
2016-08-11,1.3429
2016-08-12,1.3456
2016-08-15,1.3426
2016-08-16,1.3390
2016-08-17,1.3456
2016-08-18,1.3398
2016-08-19,1.3469
2016-08-22,1.3506
2016-08-23,1.3511
2016-08-24,1.3552
2016-08-25,1.3538
2016-08-26,1.3548
2016-08-29,1.3602
2016-08-30,1.3638
2016-08-31,1.3630
2016-09-01,1.3593
2016-09-02,1.3594
2016-09-05,.
2016-09-06,1.3476
2016-09-07,1.3465
2016-09-08,1.3492
2016-09-09,1.3592
2016-09-12,1.3591
2016-09-13,1.3660
2016-09-14,1.3629
2016-09-15,1.3627
2016-09-16,1.3681
2016-09-19,1.3605
2016-09-20,1.3621
2016-09-21,1.3577
2016-09-22,1.3558
2016-09-23,1.3592
2016-09-26,1.3593
2016-09-27,1.3609
2016-09-28,1.3617
2016-09-29,1.3621
2016-09-30,1.3628
2016-10-03,1.3658
2016-10-04,1.3701
2016-10-05,1.3701
2016-10-06,1.3726
2016-10-07,1.3755
2016-10-10,.
2016-10-11,1.3784
2016-10-12,1.3853
2016-10-13,1.3838
2016-10-14,1.3901
2016-10-17,1.3891
2016-10-18,1.3848
2016-10-19,1.3865
2016-10-20,1.3912
2016-10-21,1.3954
2016-10-24,1.3939
2016-10-25,1.3906
2016-10-26,1.3898
2016-10-27,1.3953
2016-10-28,1.3938
2016-10-31,1.3917
2016-11-01,1.3887
2016-11-02,1.3826
2016-11-03,1.3843
2016-11-04,1.3832
2016-11-07,1.3902
2016-11-08,1.3890
2016-11-09,1.3953
2016-11-10,1.4089
2016-11-11,.
2016-11-14,1.4175
2016-11-15,1.4154
2016-11-16,1.4148
2016-11-17,1.4177
2016-11-18,1.4255
2016-11-21,1.4260
2016-11-22,1.4246
2016-11-23,1.4325
2016-11-24,.
2016-11-25,1.4287
2016-11-28,1.4260
2016-11-29,1.4263
2016-11-30,1.4336
2016-12-01,1.4270
2016-12-02,1.4207
2016-12-05,1.4232
2016-12-06,1.4195
2016-12-07,1.4182
2016-12-08,1.4240
2016-12-09,1.4312
2016-12-12,1.4258
2016-12-13,1.4236
2016-12-14,1.4227
2016-12-15,1.4478
2016-12-16,1.4450
2016-12-19,1.4458
2016-12-20,1.4443
2016-12-21,1.4434
2016-12-22,1.4476
2016-12-23,1.4469
2016-12-26,.
2016-12-27,1.4490
2016-12-28,1.4522
2016-12-29,1.4482
2016-12-30,1.4465
2017-01-02,.
2017-01-03,1.4498
2017-01-04,1.4409
2017-01-05,1.4292
2017-01-06,1.4372
2017-01-09,1.4345
2017-01-10,1.4348
2017-01-11,1.4364
2017-01-12,1.4221
2017-01-13,1.4313
2017-01-16,.
2017-01-17,1.4171
2017-01-18,1.4235
2017-01-19,1.4289
2017-01-20,.
2017-01-23,1.4186
2017-01-24,1.4178
2017-01-25,1.4168
2017-01-26,1.4250
2017-01-27,1.4281
2017-01-30,1.4220
2017-01-31,1.4095
2017-02-01,1.4151
2017-02-02,1.4086
2017-02-03,1.4070
2017-02-06,1.4113
2017-02-07,1.4163
2017-02-08,1.4149
2017-02-09,1.4195
2017-02-10,1.4194
2017-02-13,1.4235
2017-02-14,1.4204
2017-02-15,1.4202
2017-02-16,1.4186
2017-02-17,1.4197
2017-02-20,.
2017-02-21,1.4204
2017-02-22,1.4157
2017-02-23,1.4058
2017-02-24,1.4039
2017-02-27,1.4004
2017-02-28,1.3990
2017-03-01,1.4088
2017-03-02,1.4114
2017-03-03,1.4155
2017-03-06,1.4119
2017-03-07,1.4106
2017-03-08,1.4175
2017-03-09,1.4192
2017-03-10,1.4136
2017-03-13,1.4130
2017-03-14,1.4140
2017-03-15,1.4121
2017-03-16,1.4012
2017-03-17,1.4020
2017-03-20,1.3957
2017-03-21,1.3982
2017-03-22,1.3983
2017-03-23,1.3989
2017-03-24,1.3991
2017-03-27,1.3926
2017-03-28,1.3932
2017-03-29,1.3955
2017-03-30,1.3942
2017-03-31,1.3967
2017-04-03,1.3975
2017-04-04,1.3985
2017-04-05,1.4009
2017-04-06,1.4023
2017-04-07,1.4021
2017-04-10,1.4045
2017-04-11,1.4029
2017-04-12,1.3999
2017-04-13,1.3975
2017-04-14,1.3969
2017-04-17,1.3954
2017-04-18,1.3967
2017-04-19,1.3987
2017-04-20,1.3965
2017-04-21,1.3968
2017-04-24,1.3933
2017-04-25,1.3927
2017-04-26,1.3977
2017-04-27,1.3975
2017-04-28,1.3970
2017-05-01,1.3958
2017-05-02,1.3951
2017-05-03,1.3951
2017-05-04,1.4008
2017-05-05,1.4041
2017-05-08,1.4049
2017-05-09,1.4112
2017-05-10,1.4099
2017-05-11,1.4084
2017-05-12,1.4044
2017-05-15,1.3980
2017-05-16,1.3958
2017-05-17,1.3914
2017-05-18,1.3918
2017-05-19,1.3867
2017-05-22,1.3864
2017-05-23,1.3898
2017-05-24,1.3895
2017-05-25,1.3844
2017-05-26,1.3816
2017-05-29,.
2017-05-30,1.3840
2017-05-31,1.3833
2017-06-01,1.3859
2017-06-02,1.3813
2017-06-05,1.3818
2017-06-06,1.3792
2017-06-07,1.3816
2017-06-08,1.3813
2017-06-09,1.3837
2017-06-12,1.3842
2017-06-13,1.3818
2017-06-14,1.3718
2017-06-15,1.3828
2017-06-16,1.3830
2017-06-19,1.3858
2017-06-20,1.3902
2017-06-21,1.3912
2017-06-22,1.3909
2017-06-23,1.3860
2017-06-26,1.3875
2017-06-27,1.3867
2017-06-28,1.3818
2017-06-29,1.3799
2017-06-30,1.3765
2017-07-03,1.3825
2017-07-04,.
2017-07-05,1.3821
2017-07-06,1.3826
2017-07-07,1.3823
2017-07-10,1.3850
2017-07-11,1.3845
2017-07-12,1.3781
2017-07-13,1.3768
2017-07-14,1.3717
2017-07-17,1.3693
2017-07-18,1.3659
2017-07-19,1.3684
2017-07-20,1.3662
2017-07-21,1.3628
2017-07-24,1.3616
2017-07-25,1.3611
2017-07-26,1.3612
2017-07-27,1.3598
2017-07-28,1.3571
2017-07-31,1.3559
2017-08-01,1.3579
2017-08-02,1.3585
2017-08-03,1.3588
2017-08-04,1.3604
2017-08-07,1.3634
2017-08-08,1.3638
2017-08-09,1.3643
2017-08-10,1.3634
2017-08-11,1.3615
2017-08-14,1.3619
2017-08-15,1.3671
2017-08-16,1.3676
2017-08-17,1.3647
2017-08-18,1.3634
2017-08-21,1.3611
2017-08-22,1.3616
2017-08-23,1.3619
2017-08-24,1.3613
2017-08-25,1.3558
2017-08-28,1.3546
2017-08-29,1.3520
2017-08-30,1.3562
2017-08-31,1.3565
2017-09-01,1.3565
2017-09-04,.
2017-09-05,1.3524
2017-09-06,1.3492
2017-09-07,1.3403
2017-09-08,1.3391
2017-09-11,1.3455
2017-09-12,1.3468
2017-09-13,1.3494
2017-09-14,1.3495
2017-09-15,1.3453
2017-09-18,1.3481
2017-09-19,1.3470
2017-09-20,1.3437
2017-09-21,1.3493
2017-09-22,1.3435
2017-09-25,1.3513
2017-09-26,1.3559
2017-09-27,1.3588
2017-09-28,1.3587
2017-09-29,1.3573
2017-10-02,1.3610
2017-10-03,1.3614
2017-10-04,1.3618
2017-10-05,1.3635
2017-10-06,1.3651
2017-10-09,.
2017-10-10,1.3555
2017-10-11,1.3553
2017-10-12,1.3531
2017-10-13,1.3505
2017-10-16,1.3515
2017-10-17,1.3566
2017-10-18,1.3578
2017-10-19,1.3562
2017-10-20,1.3613
2017-10-23,1.3619
2017-10-24,1.3622
2017-10-25,1.3614
2017-10-26,1.3635
2017-10-27,1.3672
2017-10-30,1.3610
2017-10-31,1.3622
2017-11-01,1.3608
2017-11-02,1.3591
2017-11-03,1.3636
2017-11-06,1.3627
2017-11-07,1.3646
2017-11-08,1.3615
2017-11-09,1.3592
2017-11-10,.
2017-11-13,1.3623
2017-11-14,1.3597
2017-11-15,1.3576
2017-11-16,1.3558
2017-11-17,1.3539
2017-11-20,1.3572
2017-11-21,1.3538
2017-11-22,1.3490
2017-11-23,.
2017-11-24,1.3450
2017-11-27,1.3461
2017-11-28,1.3447
2017-11-29,1.3466
2017-11-30,1.3482
2017-12-01,1.3450
2017-12-04,1.3487
2017-12-05,1.3477
2017-12-06,1.3493
2017-12-07,1.3498
2017-12-08,1.3529
2017-12-11,1.3505
2017-12-12,1.3534
2017-12-13,1.3502
2017-12-14,1.3466
2017-12-15,1.3480
2017-12-18,1.3466
2017-12-19,1.3476
2017-12-20,1.3436
2017-12-21,1.3436
2017-12-22,1.3441
2017-12-25,.
2017-12-26,1.3433
2017-12-27,1.3393
2017-12-28,1.3374
2017-12-29,1.3363
2018-01-01,.
2018-01-02,1.3291
2018-01-03,1.3283
2018-01-04,1.3281
2018-01-05,1.3268
2018-01-08,1.3323
2018-01-09,1.3355
2018-01-10,1.3341
2018-01-11,1.3295
2018-01-12,1.3275
2018-01-15,.
2018-01-16,1.3227
2018-01-17,1.3226
2018-01-18,1.3213
2018-01-19,1.3204
2018-01-22,1.3203
2018-01-23,1.3181
2018-01-24,1.3083
2018-01-25,1.3037
2018-01-26,1.3070
2018-01-29,1.3120
2018-01-30,1.3117
2018-01-31,1.3103
2018-02-01,1.3097
2018-02-02,1.3192
2018-02-05,1.3188
2018-02-06,1.3207
2018-02-07,1.3234
2018-02-08,1.3310
2018-02-09,1.3302
2018-02-12,1.3246
2018-02-13,1.3222
2018-02-14,1.3177
2018-02-15,1.3112
2018-02-16,1.3105
2018-02-19,.
2018-02-20,1.3183
2018-02-21,1.3206
2018-02-22,1.3189
2018-02-23,1.3207
2018-02-26,1.3173
2018-02-27,1.3222
2018-02-28,1.3231
2018-03-01,1.3245
2018-03-02,1.3203
2018-03-05,1.3186
2018-03-06,1.3156
2018-03-07,1.3161
2018-03-08,1.3174
2018-03-09,1.315
2018-03-12,1.3133
2018-03-13,1.3105
2018-03-14,1.3088
2018-03-15,1.3118
2018-03-16,1.3173
2018-03-19,1.3173
2018-03-20,1.3181
2018-03-21,1.3172
2018-03-22,1.3165
2018-03-23,1.3135
2018-03-26,1.3101
2018-03-27,1.308
2018-03-28,1.3094
2018-03-29,1.3109
2018-03-30,1.3105
2018-04-02,1.3124
2018-04-03,1.3115
2018-04-04,1.3126
2018-04-05,1.3168
2018-04-06,1.3171
2018-04-09,1.3112
2018-04-10,1.3095
2018-04-11,1.3082
2018-04-12,1.3126
2018-04-13,1.312
2018-04-16,1.3116
2018-04-17,1.3108
2018-04-18,1.31
2018-04-19,1.3103
2018-04-20,1.3155
2018-04-23,1.3245
2018-04-24,1.3229
2018-04-25,1.329
2018-04-26,1.3272
2018-04-27,1.3244
2018-04-30,1.3249
2018-05-01,1.3327
2018-05-02,1.3353
2018-05-03,1.3329
2018-05-04,1.3335
2018-05-07,1.3351
2018-05-08,1.3405
2018-05-09,1.344
2018-05-10,1.3394
2018-05-11,1.3354
2018-05-14,1.3326
2018-05-15,1.343
2018-05-16,1.3411
2018-05-17,1.3423
2018-05-18,1.3429
2018-05-21,1.3426
2018-05-22,1.3378
2018-05-23,1.3451
2018-05-24,1.3399
2018-05-25,1.3409
2018-05-28,.
2018-05-29,1.3468
2018-05-30,1.3387
2018-05-31,1.3389
2018-06-01,1.3379
2018-06-04,1.3364
2018-06-05,1.3358
2018-06-06,1.332
2018-06-07,1.3329
2018-06-08,1.3353
2018-06-11,1.3344
2018-06-12,1.3344
2018-06-13,1.3348
2018-06-14,1.3406
2018-06-15,1.3496
2018-06-18,1.3522
2018-06-19,1.3571
2018-06-20,1.3573
2018-06-21,1.3578
2018-06-22,1.3592
2018-06-25,1.3631
2018-06-26,1.3622
2018-06-27,1.3647
2018-06-28,1.3673
2018-06-29,1.3626
2018-07-02,1.3706
2018-07-03,1.3657
2018-07-04,.
2018-07-05,1.3646
2018-07-06,1.3585
2018-07-09,1.3566
2018-07-10,1.3555
2018-07-11,1.3605
2018-07-12,1.3617
2018-07-13,1.3666
2018-07-16,1.3619
2018-07-17,1.3637
2018-07-18,1.3655
2018-07-19,1.3728
2018-07-20,1.3632
2018-07-23,1.3653
2018-07-24,1.3641
2018-07-25,1.362
2018-07-26,1.3632
2018-07-27,1.361
2018-07-30,1.3605
2018-07-31,1.3604
2018-08-01,1.3619
2018-08-02,1.3666
2018-08-03,1.3646
2018-08-06,1.3676
2018-08-07,1.3636
2018-08-08,1.3638
2018-08-09,1.3648
2018-08-10,1.3721
2018-08-13,1.3768
2018-08-14,1.3764
2018-08-15,1.3804
2018-08-16,1.3743
2018-08-17,1.3726
2018-08-20,1.3711
2018-08-21,1.3675
2018-08-22,1.3666
2018-08-23,1.3723
2018-08-24,1.3651
2018-08-27,1.3627
2018-08-28,1.3621
2018-08-29,1.3658
2018-08-30,1.3684
2018-08-31,1.3722
2018-09-03,.
2018-09-04,1.3761
2018-09-05,1.3763
2018-09-06,1.3752
2018-09-07,1.3781
2018-09-10,1.3785
2018-09-11,1.3774
2018-09-12,1.3733
2018-09-13,1.3713
2018-09-14,1.3723
2018-09-17,1.3711
2018-09-18,1.3703
2018-09-19,1.3691
2018-09-20,1.367
2018-09-21,1.365
2018-09-24,1.3645
2018-09-25,1.3656
2018-09-26,1.3648
2018-09-27,1.3664
2018-09-28,1.3667
2018-10-01,1.3716
2018-10-02,1.3729
2018-10-03,1.3773
2018-10-04,1.3806
2018-10-05,1.3832
2018-10-08,.
2018-10-09,1.3834
2018-10-10,1.3813
2018-10-11,1.3784
2018-10-12,1.378
2018-10-15,1.3752
2018-10-16,1.3733
2018-10-17,1.3748
2018-10-18,1.3797
2018-10-19,1.3768
2018-10-22,1.3804
2018-10-23,1.3786
2018-10-24,1.3804
2018-10-25,1.3802
2018-10-26,1.3803
2018-10-29,1.3826
2018-10-30,1.3841
2018-10-31,1.3845
2018-11-01,1.3765
2018-11-02,1.3741
2018-11-05,1.3755
2018-11-06,1.3742
2018-11-07,1.3698
2018-11-08,1.3724
2018-11-09,1.3792
2018-11-12,.
2018-11-13,1.38
2018-11-14,1.3789
2018-11-15,1.3761
2018-11-16,1.3723
2018-11-19,1.3714
2018-11-20,1.3734
2018-11-21,1.3727
2018-11-22,.
2018-11-23,1.3752
2018-11-26,1.3748
2018-11-27,1.3788
2018-11-28,1.3773
2018-11-29,1.3712
2018-11-30,1.3716
2018-12-03,1.3666
2018-12-04,1.3637
2018-12-05,.
2018-12-06,1.3703
2018-12-07,1.3701
2018-12-10,1.3738
2018-12-11,1.3745
2018-12-12,1.3718
2018-12-13,1.3713
2018-12-14,1.3767
2018-12-17,1.3738
2018-12-18,1.3716
2018-12-19,1.3688
2018-12-20,1.3702
2018-12-21,1.3734
2018-12-24,.
2018-12-25,.
2018-12-26,1.3707
2018-12-27,1.3713
2018-12-28,1.3668
2018-12-31,1.3623
2019-01-01,.
2019-01-02,1.3652
2019-01-03,1.3637
2019-01-04,1.3594
2019-01-07,1.3558
2019-01-08,1.3579
2019-01-09,1.3538
2019-01-10,1.3516
2019-01-11,1.3524
2019-01-14,.
2019-01-15,1.3564
2019-01-16,1.3541
2019-01-17,1.3564
2019-01-18,1.3582
2019-01-21,.
2019-01-22,1.3595
2019-01-23,1.3593
2019-01-24,1.3604
2019-01-25,1.3535
2019-01-28,1.353
2019-01-29,1.3523
2019-01-30,1.3514
2019-01-31,1.3455
2019-02-01,1.35
2019-02-04,1.3527
2019-02-05,1.3521
2019-02-06,1.3545
2019-02-07,1.3562
2019-02-08,1.3562
2019-02-11,1.3611
2019-02-12,1.3567
2019-02-13,1.3579
2019-02-14,1.3587
2019-02-15,1.3574
2019-02-18,.
2019-02-19,1.3538
2019-02-20,.
2019-02-21,1.3536
2019-02-22,1.3509
2019-02-25,1.3497
2019-02-26,1.348
2019-02-27,1.3491
2019-02-28,1.352
2019-03-01,1.3549
2019-03-04,1.3546
2019-03-05,1.3566
2019-03-06,1.3574
2019-03-07,1.3596
2019-03-08,1.3586
2019-03-11,1.3589
2019-03-12,1.3561
2019-03-13,1.3535
2019-03-14,1.3557
2019-03-15,1.3528
2019-03-18,1.3518
2019-03-19,1.3509
2019-03-20,1.3502
2019-03-21,1.3494
2019-03-22,1.3521
2019-03-25,1.3499
2019-03-26,1.3512
2019-03-27,1.3564
2019-03-28,1.3563
2019-03-29,1.3544
2019-04-01,1.3547
2019-04-02,1.3565
2019-04-03,1.3529
2019-04-04,1.3547
2019-04-05,1.3553
2019-04-08,1.3546
2019-04-09,1.3533
2019-04-10,1.3521
2019-04-11,1.3555
2019-04-12,1.353
2019-04-15,1.3524
2019-04-16,1.3541
2019-04-17,1.353
2019-04-18,1.3559
2019-04-19,1.3553
2019-04-22,1.3564
2019-04-23,1.3575
2019-04-24,1.3604
2019-04-25,1.3633
2019-04-26,1.3605
2019-04-29,1.3619
2019-04-30,1.3613
2019-05-01,1.3586
2019-05-02,1.3626
2019-05-03,1.3609
2019-05-06,1.3631
2019-05-07,1.3636
2019-05-08,1.3617
2019-05-09,1.3653
2019-05-10,1.3624
2019-05-13,1.3704
2019-05-14,1.3682
2019-05-15,1.3686
2019-05-16,1.3706
2019-05-17,1.3769
2019-05-20,1.3761
2019-05-21,1.3775
2019-05-22,1.3789
2019-05-23,1.3791
2019-05-24,1.3756
2019-05-27,.
2019-05-28,1.3778
2019-05-29,1.3818
2019-05-30,1.379
2019-05-31,1.3753
2019-06-03,1.3686
2019-06-04,1.369
2019-06-05,1.366
2019-06-06,1.363
2019-06-07,1.3624
2019-06-10,1.3658
2019-06-11,1.3639
2019-06-12,1.3648
2019-06-13,1.3667
2019-06-14,1.3707
2019-06-17,1.3703
2019-06-18,1.3675
2019-06-19,1.3655
2019-06-20,1.356
2019-06-21,1.3565
2019-06-24,1.3537
2019-06-25,1.3526
2019-06-26,1.3527
2019-06-27,1.3534
2019-06-28,1.3533
2019-07-01,1.3566
2019-07-02,1.3559
2019-07-03,1.3563
2019-07-04,.
2019-07-05,1.3608
2019-07-08,1.3599
2019-07-09,1.3615
2019-07-10,1.357
2019-07-11,1.3561
2019-07-12,1.3593
2019-07-15,1.3563
2019-07-16,1.3583
2019-07-17,1.3603
2019-07-18,1.3605
2019-07-19,1.3604
2019-07-22,1.3606
2019-07-23,1.3651
2019-07-24,1.3636
2019-07-25,1.3666
2019-07-26,1.3698
2019-07-29,1.37
2019-07-30,1.3711
2019-07-31,1.3687
2019-08-01,1.372
2019-08-02,1.3754
2019-08-05,1.3819
2019-08-06,1.381
2019-08-07,1.3831
2019-08-08,1.3813
2019-08-09,1.384
2019-08-12,1.3866
2019-08-13,1.383
2019-08-14,1.3896
2019-08-15,1.3885
2019-08-16,1.3852
2019-08-19,1.3861
2019-08-20,1.385
2019-08-21,1.3829
2019-08-22,1.3857
2019-08-23,1.3868
2019-08-26,1.3878
2019-08-27,1.389
2019-08-28,1.3881
2019-08-29,1.388
2019-08-30,1.3879
2019-09-02,.
2019-09-03,1.3906
2019-09-04,1.3842
2019-09-05,1.3841
2019-09-06,1.3797
2019-09-09,1.3788
2019-09-10,1.379
2019-09-11,1.3798
2019-09-12,1.3741
2019-09-13,1.3727
2019-09-16,1.3753
2019-09-17,1.3745
2019-09-18,1.3735
2019-09-19,1.3787
2019-09-20,1.3763
2019-09-23,1.3777
2019-09-24,1.3764
2019-09-25,1.3788
2019-09-26,1.3816
2019-09-27,1.3812
2019-09-30,1.383
2019-10-01,1.3851
2019-10-02,1.3844
2019-10-03,1.38
2019-10-04,1.3785
2019-10-07,1.3808
2019-10-08,1.3824
2019-10-09,1.3807
2019-10-10,1.3755
2019-10-11,1.3714
2019-10-14,.
2019-10-15,1.3709
2019-10-16,1.3704
2019-10-17,1.3648
2019-10-18,1.3645
2019-10-21,1.3611
2019-10-22,1.3622
2019-10-23,1.3632
2019-10-24,1.3638
2019-10-25,1.363
2019-10-28,1.3619
2019-10-29,1.3621
2019-10-30,1.3623
2019-10-31,1.3608
2019-11-01,1.3567
2019-11-04,1.3575
2019-11-05,1.3592
2019-11-06,1.36
2019-11-07,1.3579
2019-11-08,1.3591
2019-11-11,.
2019-11-12,1.3617
2019-11-13,1.3626
2019-11-14,1.3622
2019-11-15,1.3602
2019-11-18,1.3596
2019-11-19,1.361
2019-11-20,1.3615
2019-11-21,1.3625
2019-11-22,1.3644
2019-11-25,1.3654
2019-11-26,1.3645
2019-11-27,1.3652
2019-11-28,.
2019-11-29,1.3674
2019-12-02,1.3656
2019-12-03,1.3644
2019-12-04,1.3629
2019-12-05,1.3609
2019-12-06,1.3606
2019-12-09,1.3596
2019-12-10,1.3583
2019-12-11,1.3584
2019-12-12,1.3557
2019-12-13,1.3549
2019-12-16,1.3549
2019-12-17,1.3546
2019-12-18,1.3552
2019-12-19,1.3546
2019-12-20,1.355
2019-12-23,1.3562
2019-12-24,1.355
2019-12-25,.
2019-12-26,1.354
2019-12-27,1.352
2019-12-30,1.3483
2019-12-31,1.3446
2020-01-01,.
2020-01-02,1.3475
2020-01-03,1.3486
2020-01-06,1.3493
2020-01-07,1.351
2020-01-08,1.3504
2020-01-09,1.3517
2020-01-10,1.3481
2020-01-13,1.3465
2020-01-14,1.3466
2020-01-15,1.3461
2020-01-16,1.3468
2020-01-17,1.3474
2020-01-20,.
2020-01-21,1.3492
2020-01-22,1.3491
2020-01-23,1.3524
2020-01-24,1.3512
2020-01-27,1.3571
2020-01-28,1.3587
2020-01-29,1.3606
2020-01-30,1.3628
2020-01-31,1.3647
2020-02-03,1.3689
2020-02-04,1.37
2020-02-05,1.3813
2020-02-06,1.3855
2020-02-07,1.3895
2020-02-10,1.3894
2020-02-11,1.3863
2020-02-12,1.3858
2020-02-13,1.3885
2020-02-14,1.3921
2020-02-17,.
2020-02-18,1.3921
2020-02-19,1.3945
2020-02-20,1.4005
2020-02-21,1.397
2020-02-24,1.399
2020-02-25,1.3986
2020-02-26,1.3968
2020-02-27,1.3944
2020-02-28,1.3944
2020-03-02,1.3893
2020-03-03,1.3858
2020-03-04,1.3848
2020-03-05,1.3853
2020-03-06,1.3786
2020-03-09,1.3832
2020-03-10,1.3903
2020-03-11,1.3915
2020-03-12,1.41
2020-03-13,1.417
2020-03-16,1.42
2020-03-17,1.4296
2020-03-18,1.4448
2020-03-19,1.449
2020-03-20,1.4525
2020-03-23,1.4605
2020-03-24,1.4467
2020-03-25,1.4484
2020-03-26,1.431
2020-03-27,1.4305
2020-03-30,1.4253
2020-03-31,1.4215
2020-04-01,1.4346
2020-04-02,1.4304
2020-04-03,1.4408
2020-04-06,1.4315
2020-04-07,1.4228
2020-04-08,1.4259
2020-04-09,1.417
2020-04-10,1.413
2020-04-13,1.415
2020-04-14,1.4143
2020-04-15,1.4235
2020-04-16,1.4284
2020-04-17,1.422
2020-04-20,1.4189
2020-04-21,1.4311
2020-04-22,1.4277
2020-04-23,1.4225
2020-04-24,1.4253
2020-04-27,1.4189
2020-04-28,1.4167
2020-04-29,1.4124
2020-04-30,1.4095
2020-05-01,1.4163
2020-05-04,1.4169
2020-05-05,1.4148
2020-05-06,1.4203
2020-05-07,1.4151
2020-05-08,1.4114
2020-05-11,1.4176
2020-05-12,1.4155
2020-05-13,1.4185
2020-05-14,1.4258
2020-05-15,1.4274
2020-05-18,1.4191
2020-05-19,1.4157
2020-05-20,1.4128
2020-05-21,1.4174
2020-05-22,1.4254
2020-05-25,.
2020-05-26,1.4167
2020-05-27,1.4207
2020-05-28,1.4157
2020-05-29,1.4135
2020-06-01,1.4075
2020-06-02,1.4015
2020-06-03,1.3957
2020-06-04,1.3978
2020-06-05,1.3918
2020-06-08,1.3895
2020-06-09,1.3887
2020-06-10,1.384
2020-06-11,1.3883
2020-06-12,1.3923
2020-06-15,1.3943
2020-06-16,1.3937
2020-06-17,1.3939
2020-06-18,1.3939
2020-06-19,1.3965
2020-06-22,1.3924
2020-06-23,1.3895
2020-06-24,1.3922
2020-06-25,1.3914
2020-06-26,1.3938
2020-06-29,1.3943
2020-06-30,1.3942
2020-07-01,1.3936
2020-07-02,1.3947
2020-07-03,.
2020-07-06,1.393
2020-07-07,1.3931
2020-07-08,1.3928
2020-07-09,1.3922
2020-07-10,1.3904
2020-07-13,1.3879
2020-07-14,1.3918
2020-07-15,1.3899
2020-07-16,1.3894
2020-07-17,1.3898
2020-07-20,1.3886
2020-07-21,1.3845
2020-07-22,1.3837
2020-07-23,1.3841
2020-07-24,1.3832
2020-07-27,1.3792
2020-07-28,1.3778
2020-07-29,1.3752
2020-07-30,1.3757
2020-07-31,1.3728
2020-08-03,1.3764
2020-08-04,1.3749
2020-08-05,1.3676
2020-08-06,1.3693
2020-08-07,1.3729
2020-08-10,1.3729
2020-08-11,1.3724
2020-08-12,1.3715
2020-08-13,1.3719
2020-08-14,1.3703
2020-08-17,1.3679
2020-08-18,1.3647
2020-08-19,1.366
2020-08-20,1.3676
2020-08-21,1.3723
2020-08-24,1.3696
2020-08-25,1.3693
2020-08-26,1.3663
2020-08-27,1.3656
2020-08-28,1.3582
2020-08-31,1.36
2020-09-01,1.3598
2020-09-02,1.3629
2020-09-03,1.3655
2020-09-04,1.3667
2020-09-07,.
2020-09-08,1.3692
2020-09-09,1.3671
2020-09-10,1.3667
2020-09-11,1.3678
2020-09-14,1.3632
2020-09-15,1.3614
2020-09-16,1.3573
2020-09-17,1.3587
2020-09-18,1.3572
2020-09-21,1.3635
2020-09-22,1.366
2020-09-23,1.3707
2020-09-24,1.3757
2020-09-25,1.3786
2020-09-28,1.3727
2020-09-29,1.3698
2020-09-30,1.3654
2020-10-01,1.3627
2020-10-02,1.3643
2020-10-05,1.3606
2020-10-06,1.36
2020-10-07,1.3589
2020-10-08,1.3586
2020-10-09,1.3529
2020-10-12,.
2020-10-13,1.3599
2020-10-14,1.3567
2020-10-15,1.3612
2020-10-16,1.3587
